<?xml version="1.0" encoding="UTF-8"?>
<gpx creator="Trek’n’Trails (https://trekntrails.com)" version="1.1" schemaLocation="http://www.topografix.com/GPX/1/1 http://www.topografix.com/GPX/1/1/gpx.xsd http://www.garmin.com/xmlschemas/GpxExtensions/v3 http://www.garmin.com/xmlschemas/GpxExtensionsv3.xsd http://www.garmin.com/xmlschemas/TrackPointExtension/v1 http://www.garmin.com/xmlschemas/TrackPointExtensionv1.xsd http://www.garmin.com/xmlschemas/PowerExtension/v1 http://www.garmin.com/xmlschemas/PowerExtensionv1.xsd http://www.topografix.com/GPX/gpx_style/0/2 http://www.topografix.com/GPX/gpx_style/0/2/gpx_style.xsd" xmlns="http://www.topografix.com/GPX/1/1" xmlns:xsi="http://www.w3.org/2001/XMLSchema-instance" xsi:schemaLocation="http://www.topografix.com/GPX/1/1 http://www.topografix.com/GPX/1/1/gpx.xsd http://www.garmin.com/xmlschemas/GpxExtensions/v3 http://www.garmin.com/xmlschemas/GpxExtensionsv3.xsd http://www.garmin.com/xmlschemas/TrackPointExtension/v1 http://www.garmin.com/xmlschemas/TrackPointExtensionv1.xsd http://www.garmin.com/xmlschemas/PowerExtension/v1 http://www.garmin.com/xmlschemas/PowerExtensionv1.xsd http://www.topografix.com/GPX/gpx_style/0/2 http://www.topografix.com/GPX/gpx_style/0/2/gpx_style.xsd" xmlns:gpxtpx="http://www.garmin.com/xmlschemas/TrackPointExtension/v1" xmlns:gpxx="http://www.garmin.com/xmlschemas/GpxExtensions/v3" xmlns:gpxpx="http://www.garmin.com/xmlschemas/PowerExtension/v1" xmlns:gpx_style="http://www.topografix.com/GPX/gpx_style/0/2">
  <metadata>
    <name>Alta Via 4</name>
    <desc>Thanks for using Trek'n'Trails GPX - Enjoy your trek and stay safe out there.</desc>
    <author>
      <name>Trek'n'Trails</name>
      <link href="https://trekntrails.com">
        <text>trekntrails.com</text>
      </link>
    </author>
    <link href="https://trekntrails.com">
      <text>Trek'n'Trails</text>
    </link>
  </metadata>
  <wpt lat="46.732477" lon="12.282102">
    <ele>1177.6103254505438</ele>
    <name>Water source</name>
    <sym>Drinking Water</sym>
  </wpt>
  <wpt lat="46.731353" lon="12.281556">
    <ele>1179.3249041595507</ele>
    <name>Water source</name>
    <sym>Drinking Water</sym>
  </wpt>
  <wpt lat="46.729289" lon="12.281397">
    <ele>1182.6123807038189</ele>
    <name>Water source</name>
    <sym>Drinking Water</sym>
  </wpt>
  <wpt lat="46.729133" lon="12.283212">
    <ele>1222.5748861220675</ele>
    <name>Water source</name>
    <sym>Drinking Water</sym>
  </wpt>
  <wpt lat="46.67457" lon="12.297165">
    <ele>1633.820870400081</ele>
    <name>Rifugio Tre Scarperi</name>
    <sym>Lodge</sym>
  </wpt>
  <wpt lat="46.670462" lon="12.296596">
    <ele>1665.8081606900073</ele>
    <name>Water source</name>
    <sym>Drinking Water</sym>
  </wpt>
  <wpt lat="46.636941" lon="12.310478">
    <ele>2397.883267246467</ele>
    <name>Rifugio Antonio Locatelli</name>
    <sym>Lodge</sym>
  </wpt>
  <wpt lat="46.636747" lon="12.311293">
    <ele>2391.6478872492576</ele>
    <name>Bivacco - Rifugio Locatelli</name>
    <cmt>Shelter</cmt>
    <desc>Shelter</desc>
    <sym>Shelter</sym>
  </wpt>
  <wpt lat="46.625657" lon="12.290478">
    <ele>2231.7446005758256</ele>
    <name>Water source</name>
    <sym>Drinking Water</sym>
  </wpt>
  <wpt lat="46.625656" lon="12.289795">
    <ele>2234.5817026076384</ele>
    <name>Langalm</name>
    <cmt>Restaurant</cmt>
    <desc>Restaurant</desc>
    <sym>Restaurant</sym>
  </wpt>
  <wpt lat="46.625705" lon="12.28966">
    <ele>2234.9026479844715</ele>
    <name>Water source</name>
    <sym>Drinking Water</sym>
  </wpt>
  <wpt lat="46.612215" lon="12.296071">
    <ele>2313.119096890106</ele>
    <name>Rifugio Auronzo</name>
    <sym>Lodge</sym>
  </wpt>
  <wpt lat="46.618207" lon="12.312209">
    <ele>2343.7695786880786</ele>
    <name>Rifugio Lavaredo</name>
    <sym>Lodge</sym>
  </wpt>
  <wpt lat="46.599827" lon="12.291538">
    <ele>2298.990273548836</ele>
    <name>Equiped section + Via Ferrata B</name>
    <sym>Alert</sym>
  </wpt>
  <wpt lat="46.585245" lon="12.287323">
    <ele>2343.6728087060474</ele>
    <name>Rifugio Fonda Savio</name>
    <sym>Lodge</sym>
  </wpt>
  <wpt lat="46.562325" lon="12.29082">
    <ele>2110.9627927867123</ele>
    <name>Rifugio Città di Carpi</name>
    <sym>Lodge</sym>
  </wpt>
  <wpt lat="46.559807" lon="12.277658">
    <ele>1948.1158194808397</ele>
    <name>Water source</name>
    <sym>Drinking Water</sym>
  </wpt>
  <wpt lat="46.558549" lon="12.276888">
    <ele>1936.092369455929</ele>
    <name>Water source</name>
    <sym>Drinking Water</sym>
  </wpt>
  <wpt lat="46.550929" lon="12.28517">
    <ele>1695.0754346926235</ele>
    <name>Water source</name>
    <sym>Drinking Water</sym>
  </wpt>
  <wpt lat="46.547101" lon="12.248839">
    <ele>1372.247155058951</ele>
    <name>Albergo Cristallo</name>
    <sym>Hotel</sym>
  </wpt>
  <wpt lat="46.546434" lon="12.243047">
    <ele>1383.570315368034</ele>
    <name>Water source</name>
    <sym>Drinking Water</sym>
  </wpt>
  <wpt lat="46.545811" lon="12.242929">
    <ele>1372.15787761917</ele>
    <name>Water source</name>
    <sym>Drinking Water</sym>
  </wpt>
  <wpt lat="46.521672" lon="12.226616">
    <ele>1930.5868346878474</ele>
    <name>Rifugio Vandelli</name>
    <sym>Lodge</sym>
  </wpt>
  <wpt lat="46.519124" lon="12.234941">
    <ele>2154.978519572202</ele>
    <name>Via Ferrata C section</name>
    <sym>Alert</sym>
  </wpt>
  <wpt lat="46.522532" lon="12.24632">
    <ele>1925.1717670547314</ele>
    <name>Bivacco Comici</name>
    <cmt>Shelter</cmt>
    <desc>Shelter</desc>
    <sym>Shelter</sym>
  </wpt>
  <wpt lat="46.517797" lon="12.248995">
    <ele>2081.0340857253304</ele>
    <name>Via Ferrata A section</name>
    <sym>Alert</sym>
  </wpt>
  <wpt lat="46.500039" lon="12.216242">
    <ele>2575.2255275177245</ele>
    <name>Bivacco Slataper</name>
    <cmt>Shelter</cmt>
    <desc>Shelter</desc>
    <sym>Shelter</sym>
  </wpt>
  <wpt lat="46.478513" lon="12.226618">
    <ele>1861.9507833617863</ele>
    <name>Water source</name>
    <sym>Drinking Water</sym>
  </wpt>
  <wpt lat="46.476522" lon="12.228013">
    <ele>1817.8114471213898</ele>
    <name>Rifugio San Marco</name>
    <sym>Lodge</sym>
  </wpt>
  <wpt lat="46.47214" lon="12.235838">
    <ele>1570.8178982367747</ele>
    <name>Rifugio Scotter-Palatini</name>
    <sym>Lodge</sym>
  </wpt>
  <wpt lat="46.47066" lon="12.261906">
    <ele>2014.0570676343991</ele>
    <name>Rifugio Pietro Galassi</name>
    <sym>Lodge</sym>
  </wpt>
  <wpt lat="46.470848" lon="12.262209">
    <ele>2013.4893671872464</ele>
    <name>Ricovero Invernale Gianni Pierazzo</name>
    <cmt>Shelter</cmt>
    <desc>Shelter</desc>
    <sym>Shelter</sym>
  </wpt>
  <wpt lat="46.476749" lon="12.274158">
    <ele>1749.1573516752144</ele>
    <name>Water source</name>
    <sym>Drinking Water</sym>
  </wpt>
  <wpt lat="46.480383" lon="12.28994">
    <ele>1396.8592260904682</ele>
    <name>Rifugio Capanna degli Alpini</name>
    <sym>Lodge</sym>
  </wpt>
  <wpt lat="46.460234" lon="12.27116">
    <ele>2475.133584547713</ele>
    <name>Via Ferrata B section</name>
    <sym>Alert</sym>
  </wpt>
  <wpt lat="46.45818" lon="12.302895">
    <ele>1682.7746143536049</ele>
    <name>Water source</name>
    <sym>Drinking Water</sym>
  </wpt>
  <wpt lat="46.448023" lon="12.324747">
    <ele>1797.0685851478024</ele>
    <name>Rifugio Antelao</name>
    <sym>Lodge</sym>
  </wpt>
  <wpt lat="46.445944" lon="12.334704">
    <ele>1703.2601289356705</ele>
    <name>Water source</name>
    <sym>Drinking Water</sym>
  </wpt>
  <wpt lat="46.446198" lon="12.334854">
    <ele>1702.0934477309702</ele>
    <name>Shelter - Capanna Tita Panciera</name>
    <cmt>Unknown status for 2026</cmt>
    <desc>Unknown status for 2026</desc>
    <sym>Shelter</sym>
  </wpt>
  <wpt lat="46.429533" lon="12.317585">
    <ele>1567.8003570584585</ele>
    <name>Rifugio Costa Piana</name>
    <sym>Lodge</sym>
  </wpt>
  <wpt lat="46.443201" lon="12.365527">
    <ele>1159.9058043780915</ele>
    <name>Water source</name>
    <sym>Drinking Water</sym>
  </wpt>
  <wpt lat="46.438949" lon="12.364978">
    <ele>1067.3880004862333</ele>
    <name>Water source</name>
    <sym>Drinking Water</sym>
  </wpt>
  <wpt lat="46.437832" lon="12.363738">
    <ele>1060.6550530935676</ele>
    <name>Water source</name>
    <sym>Drinking Water</sym>
  </wpt>
  <wpt lat="46.436164" lon="12.365112">
    <ele>1031.8282354648695</ele>
    <name>Water source</name>
    <sym>Drinking Water</sym>
  </wpt>
  <wpt lat="46.428395" lon="12.378559">
    <ele>897.656980546205</ele>
    <name>Water source</name>
    <sym>Drinking Water</sym>
  </wpt>
  <trk>
    <name>Alta Via 4</name>
    <trkseg>
      <trkpt lat="46.732451" lon="12.281549">
        <ele>1178.75</ele>
      </trkpt>
      <trkpt lat="46.732418" lon="12.281549">
        <ele>1178.75</ele>
      </trkpt>
      <trkpt lat="46.732204" lon="12.281546">
        <ele>1178.5</ele>
      </trkpt>
      <trkpt lat="46.731796" lon="12.281597">
        <ele>1178</ele>
      </trkpt>
      <trkpt lat="46.731791" lon="12.281597">
        <ele>1178</ele>
      </trkpt>
      <trkpt lat="46.731786" lon="12.281598">
        <ele>1178</ele>
      </trkpt>
      <trkpt lat="46.731516" lon="12.281609">
        <ele>1178.25</ele>
      </trkpt>
      <trkpt lat="46.731418" lon="12.281557">
        <ele>1178.5</ele>
      </trkpt>
      <trkpt lat="46.731333" lon="12.281492">
        <ele>1178.5</ele>
      </trkpt>
      <trkpt lat="46.731333" lon="12.281492">
        <ele>1178.5</ele>
      </trkpt>
      <trkpt lat="46.731083" lon="12.281226">
        <ele>1178.5</ele>
      </trkpt>
      <trkpt lat="46.730906" lon="12.281049">
        <ele>1178.25</ele>
      </trkpt>
      <trkpt lat="46.730887" lon="12.281035">
        <ele>1178.5</ele>
      </trkpt>
      <trkpt lat="46.730723" lon="12.280908">
        <ele>1178.5</ele>
      </trkpt>
      <trkpt lat="46.730546" lon="12.280826">
        <ele>1179</ele>
      </trkpt>
      <trkpt lat="46.730495" lon="12.280803">
        <ele>1179</ele>
      </trkpt>
      <trkpt lat="46.730365" lon="12.280744">
        <ele>1179.5</ele>
      </trkpt>
      <trkpt lat="46.730089" lon="12.280854">
        <ele>1180.5</ele>
      </trkpt>
      <trkpt lat="46.72981" lon="12.281062">
        <ele>1181.75</ele>
      </trkpt>
      <trkpt lat="46.729632" lon="12.281178">
        <ele>1182.5</ele>
      </trkpt>
      <trkpt lat="46.729208" lon="12.281379">
        <ele>1184.25</ele>
      </trkpt>
      <trkpt lat="46.728974" lon="12.281454">
        <ele>1186</ele>
      </trkpt>
      <trkpt lat="46.728851" lon="12.281486">
        <ele>1186.75</ele>
      </trkpt>
      <trkpt lat="46.728784" lon="12.281526">
        <ele>1187.25</ele>
      </trkpt>
      <trkpt lat="46.728592" lon="12.281751">
        <ele>1190.75</ele>
      </trkpt>
      <trkpt lat="46.728613" lon="12.281775">
        <ele>1191</ele>
      </trkpt>
      <trkpt lat="46.728684" lon="12.281857">
        <ele>1192.5</ele>
      </trkpt>
      <trkpt lat="46.728752" lon="12.281892">
        <ele>1192.5</ele>
      </trkpt>
      <trkpt lat="46.728715" lon="12.281956">
        <ele>1194.5</ele>
      </trkpt>
      <trkpt lat="46.728718" lon="12.281987">
        <ele>1195</ele>
      </trkpt>
      <trkpt lat="46.728739" lon="12.282029">
        <ele>1195.75</ele>
      </trkpt>
      <trkpt lat="46.728837" lon="12.282083">
        <ele>1195.75</ele>
      </trkpt>
      <trkpt lat="46.72884" lon="12.282158">
        <ele>1197.25</ele>
      </trkpt>
      <trkpt lat="46.728871" lon="12.282226">
        <ele>1198.25</ele>
      </trkpt>
      <trkpt lat="46.728887" lon="12.282306">
        <ele>1199.75</ele>
      </trkpt>
      <trkpt lat="46.728933" lon="12.282377">
        <ele>1200.5</ele>
      </trkpt>
      <trkpt lat="46.728934" lon="12.282539">
        <ele>1203.75</ele>
      </trkpt>
      <trkpt lat="46.72901" lon="12.28259">
        <ele>1203.5</ele>
      </trkpt>
      <trkpt lat="46.729007" lon="12.282632">
        <ele>1204.5</ele>
      </trkpt>
      <trkpt lat="46.728979" lon="12.282671">
        <ele>1205.75</ele>
      </trkpt>
      <trkpt lat="46.728895" lon="12.282735">
        <ele>1208.25</ele>
      </trkpt>
      <trkpt lat="46.728896" lon="12.282819">
        <ele>1209.75</ele>
      </trkpt>
      <trkpt lat="46.728925" lon="12.282929">
        <ele>1211.5</ele>
      </trkpt>
      <trkpt lat="46.728961" lon="12.282977">
        <ele>1212</ele>
      </trkpt>
      <trkpt lat="46.728932" lon="12.283128">
        <ele>1215.25</ele>
      </trkpt>
      <trkpt lat="46.728901" lon="12.283148">
        <ele>1216</ele>
      </trkpt>
      <trkpt lat="46.728844" lon="12.283184">
        <ele>1217</ele>
      </trkpt>
      <trkpt lat="46.72876" lon="12.283271">
        <ele>1219.25</ele>
      </trkpt>
      <trkpt lat="46.728473" lon="12.28364">
        <ele>1223.25</ele>
      </trkpt>
      <trkpt lat="46.728335" lon="12.283724">
        <ele>1223.75</ele>
      </trkpt>
      <trkpt lat="46.72832" lon="12.28376">
        <ele>1223.25</ele>
      </trkpt>
      <trkpt lat="46.728229" lon="12.283989">
        <ele>1221.25</ele>
      </trkpt>
      <trkpt lat="46.728032" lon="12.284369">
        <ele>1218</ele>
      </trkpt>
      <trkpt lat="46.727973" lon="12.28448">
        <ele>1217.5</ele>
      </trkpt>
      <trkpt lat="46.727812" lon="12.284849">
        <ele>1216.5</ele>
      </trkpt>
      <trkpt lat="46.727726" lon="12.28499">
        <ele>1215.5</ele>
      </trkpt>
      <trkpt lat="46.727648" lon="12.285185">
        <ele>1216.25</ele>
      </trkpt>
      <trkpt lat="46.727541" lon="12.285339">
        <ele>1216</ele>
      </trkpt>
      <trkpt lat="46.727357" lon="12.285514">
        <ele>1215.25</ele>
      </trkpt>
      <trkpt lat="46.727235" lon="12.285674">
        <ele>1215</ele>
      </trkpt>
      <trkpt lat="46.72702" lon="12.285881">
        <ele>1211.75</ele>
      </trkpt>
      <trkpt lat="46.726894" lon="12.286115">
        <ele>1210.5</ele>
      </trkpt>
      <trkpt lat="46.726764" lon="12.286329">
        <ele>1208.75</ele>
      </trkpt>
      <trkpt lat="46.726614" lon="12.286679">
        <ele>1210.25</ele>
      </trkpt>
      <trkpt lat="46.726613" lon="12.286963">
        <ele>1212.75</ele>
      </trkpt>
      <trkpt lat="46.726569" lon="12.287397">
        <ele>1217</ele>
      </trkpt>
      <trkpt lat="46.726525" lon="12.287703">
        <ele>1219.75</ele>
      </trkpt>
      <trkpt lat="46.726484" lon="12.287831">
        <ele>1220.5</ele>
      </trkpt>
      <trkpt lat="46.72638" lon="12.287978">
        <ele>1221</ele>
      </trkpt>
      <trkpt lat="46.726325" lon="12.288101">
        <ele>1220.75</ele>
      </trkpt>
      <trkpt lat="46.726257" lon="12.288459">
        <ele>1220.5</ele>
      </trkpt>
      <trkpt lat="46.726212" lon="12.288891">
        <ele>1220.5</ele>
      </trkpt>
      <trkpt lat="46.726209" lon="12.288927">
        <ele>1220.75</ele>
      </trkpt>
      <trkpt lat="46.726161" lon="12.289115">
        <ele>1219.5</ele>
      </trkpt>
      <trkpt lat="46.726084" lon="12.289299">
        <ele>1218.75</ele>
      </trkpt>
      <trkpt lat="46.725705" lon="12.289832">
        <ele>1218.25</ele>
      </trkpt>
      <trkpt lat="46.725489" lon="12.290231">
        <ele>1220.75</ele>
      </trkpt>
      <trkpt lat="46.725216" lon="12.290522">
        <ele>1218.25</ele>
      </trkpt>
      <trkpt lat="46.72488" lon="12.290712">
        <ele>1216.75</ele>
      </trkpt>
      <trkpt lat="46.7248" lon="12.29085">
        <ele>1219.25</ele>
      </trkpt>
      <trkpt lat="46.724756" lon="12.291065">
        <ele>1221.5</ele>
      </trkpt>
      <trkpt lat="46.724736" lon="12.291336">
        <ele>1223</ele>
      </trkpt>
      <trkpt lat="46.724759" lon="12.291656">
        <ele>1224.75</ele>
      </trkpt>
      <trkpt lat="46.724713" lon="12.291723">
        <ele>1224.75</ele>
      </trkpt>
      <trkpt lat="46.72461" lon="12.291754">
        <ele>1224.25</ele>
      </trkpt>
      <trkpt lat="46.724562" lon="12.29179">
        <ele>1224</ele>
      </trkpt>
      <trkpt lat="46.724366" lon="12.292215">
        <ele>1221.25</ele>
      </trkpt>
      <trkpt lat="46.724303" lon="12.292327">
        <ele>1219.5</ele>
      </trkpt>
      <trkpt lat="46.724207" lon="12.292427">
        <ele>1216.5</ele>
      </trkpt>
      <trkpt lat="46.72411" lon="12.292462">
        <ele>1216</ele>
      </trkpt>
      <trkpt lat="46.723911" lon="12.292465">
        <ele>1218.75</ele>
      </trkpt>
      <trkpt lat="46.72381" lon="12.292485">
        <ele>1219.75</ele>
      </trkpt>
      <trkpt lat="46.7237" lon="12.292532">
        <ele>1221.25</ele>
      </trkpt>
      <trkpt lat="46.723613" lon="12.292613">
        <ele>1223</ele>
      </trkpt>
      <trkpt lat="46.723534" lon="12.292749">
        <ele>1224.25</ele>
      </trkpt>
      <trkpt lat="46.723393" lon="12.293138">
        <ele>1224.25</ele>
      </trkpt>
      <trkpt lat="46.723345" lon="12.293227">
        <ele>1223.5</ele>
      </trkpt>
      <trkpt lat="46.723279" lon="12.293314">
        <ele>1223.75</ele>
      </trkpt>
      <trkpt lat="46.723131" lon="12.293465">
        <ele>1227.5</ele>
      </trkpt>
      <trkpt lat="46.722895" lon="12.293643">
        <ele>1231.5</ele>
      </trkpt>
      <trkpt lat="46.722795" lon="12.293779">
        <ele>1233.25</ele>
      </trkpt>
      <trkpt lat="46.72274" lon="12.293948">
        <ele>1234.5</ele>
      </trkpt>
      <trkpt lat="46.722732" lon="12.294185">
        <ele>1235.75</ele>
      </trkpt>
      <trkpt lat="46.72281" lon="12.294949">
        <ele>1241.5</ele>
      </trkpt>
      <trkpt lat="46.72281" lon="12.295046">
        <ele>1242.5</ele>
      </trkpt>
      <trkpt lat="46.722779" lon="12.295146">
        <ele>1243</ele>
      </trkpt>
      <trkpt lat="46.722705" lon="12.295277">
        <ele>1242.25</ele>
      </trkpt>
      <trkpt lat="46.722654" lon="12.295337">
        <ele>1241.5</ele>
      </trkpt>
      <trkpt lat="46.722585" lon="12.295362">
        <ele>1239.5</ele>
      </trkpt>
      <trkpt lat="46.722451" lon="12.295268">
        <ele>1236</ele>
      </trkpt>
      <trkpt lat="46.722386" lon="12.295129">
        <ele>1235.25</ele>
      </trkpt>
      <trkpt lat="46.722296" lon="12.294987">
        <ele>1235.5</ele>
      </trkpt>
      <trkpt lat="46.722233" lon="12.294939">
        <ele>1236.5</ele>
      </trkpt>
      <trkpt lat="46.722208" lon="12.29492">
        <ele>1237</ele>
      </trkpt>
      <trkpt lat="46.722074" lon="12.294898">
        <ele>1239</ele>
      </trkpt>
      <trkpt lat="46.721969" lon="12.294972">
        <ele>1239.5</ele>
      </trkpt>
      <trkpt lat="46.721881" lon="12.295095">
        <ele>1240</ele>
      </trkpt>
      <trkpt lat="46.721781" lon="12.295341">
        <ele>1240</ele>
      </trkpt>
      <trkpt lat="46.72173" lon="12.295591">
        <ele>1238.75</ele>
      </trkpt>
      <trkpt lat="46.721646" lon="12.296242">
        <ele>1237.75</ele>
      </trkpt>
      <trkpt lat="46.721649" lon="12.296804">
        <ele>1239.5</ele>
      </trkpt>
      <trkpt lat="46.721594" lon="12.29732">
        <ele>1244.5</ele>
      </trkpt>
      <trkpt lat="46.721591" lon="12.297501">
        <ele>1246</ele>
      </trkpt>
      <trkpt lat="46.721596" lon="12.297848">
        <ele>1247.75</ele>
      </trkpt>
      <trkpt lat="46.721575" lon="12.297956">
        <ele>1248.5</ele>
      </trkpt>
      <trkpt lat="46.721531" lon="12.298013">
        <ele>1249</ele>
      </trkpt>
      <trkpt lat="46.721325" lon="12.298061">
        <ele>1250.75</ele>
      </trkpt>
      <trkpt lat="46.721237" lon="12.298126">
        <ele>1251.5</ele>
      </trkpt>
      <trkpt lat="46.721179" lon="12.298274">
        <ele>1252.25</ele>
      </trkpt>
      <trkpt lat="46.721152" lon="12.298453">
        <ele>1251.5</ele>
      </trkpt>
      <trkpt lat="46.721168" lon="12.298638">
        <ele>1250.5</ele>
      </trkpt>
      <trkpt lat="46.721244" lon="12.298922">
        <ele>1249</ele>
      </trkpt>
      <trkpt lat="46.721227" lon="12.299027">
        <ele>1248.5</ele>
      </trkpt>
      <trkpt lat="46.721153" lon="12.2991">
        <ele>1247.5</ele>
      </trkpt>
      <trkpt lat="46.720923" lon="12.299225">
        <ele>1245.25</ele>
      </trkpt>
      <trkpt lat="46.720783" lon="12.299359">
        <ele>1244.5</ele>
      </trkpt>
      <trkpt lat="46.720689" lon="12.299535">
        <ele>1245</ele>
      </trkpt>
      <trkpt lat="46.720622" lon="12.299727">
        <ele>1244.25</ele>
      </trkpt>
      <trkpt lat="46.720571" lon="12.299781">
        <ele>1244.5</ele>
      </trkpt>
      <trkpt lat="46.720379" lon="12.299874">
        <ele>1246</ele>
      </trkpt>
      <trkpt lat="46.720128" lon="12.300056">
        <ele>1247</ele>
      </trkpt>
      <trkpt lat="46.720018" lon="12.300124">
        <ele>1247.5</ele>
      </trkpt>
      <trkpt lat="46.719823" lon="12.300278">
        <ele>1252.5</ele>
      </trkpt>
      <trkpt lat="46.719694" lon="12.300415">
        <ele>1255.5</ele>
      </trkpt>
      <trkpt lat="46.719614" lon="12.300534">
        <ele>1257</ele>
      </trkpt>
      <trkpt lat="46.71956" lon="12.300663">
        <ele>1257.25</ele>
      </trkpt>
      <trkpt lat="46.719503" lon="12.300853">
        <ele>1256.75</ele>
      </trkpt>
      <trkpt lat="46.719475" lon="12.301122">
        <ele>1255.5</ele>
      </trkpt>
      <trkpt lat="46.719471" lon="12.301629">
        <ele>1251.25</ele>
      </trkpt>
      <trkpt lat="46.719469" lon="12.301907">
        <ele>1249.25</ele>
      </trkpt>
      <trkpt lat="46.719434" lon="12.302093">
        <ele>1248</ele>
      </trkpt>
      <trkpt lat="46.71938" lon="12.302226">
        <ele>1247.5</ele>
      </trkpt>
      <trkpt lat="46.719309" lon="12.302334">
        <ele>1247</ele>
      </trkpt>
      <trkpt lat="46.7192" lon="12.302418">
        <ele>1246.75</ele>
      </trkpt>
      <trkpt lat="46.718979" lon="12.302477">
        <ele>1253.25</ele>
      </trkpt>
      <trkpt lat="46.718863" lon="12.302497">
        <ele>1257.25</ele>
      </trkpt>
      <trkpt lat="46.718693" lon="12.302663">
        <ele>1260.75</ele>
      </trkpt>
      <trkpt lat="46.718586" lon="12.302898">
        <ele>1259.75</ele>
      </trkpt>
      <trkpt lat="46.718486" lon="12.303081">
        <ele>1258.5</ele>
      </trkpt>
      <trkpt lat="46.718173" lon="12.303812">
        <ele>1257.5</ele>
      </trkpt>
      <trkpt lat="46.718066" lon="12.304237">
        <ele>1257</ele>
      </trkpt>
      <trkpt lat="46.718043" lon="12.30464">
        <ele>1254.75</ele>
      </trkpt>
      <trkpt lat="46.718005" lon="12.304896">
        <ele>1253.75</ele>
      </trkpt>
      <trkpt lat="46.717748" lon="12.305925">
        <ele>1253.75</ele>
      </trkpt>
      <trkpt lat="46.717689" lon="12.306034">
        <ele>1253.75</ele>
      </trkpt>
      <trkpt lat="46.717481" lon="12.306172">
        <ele>1255.25</ele>
      </trkpt>
      <trkpt lat="46.71737" lon="12.306302">
        <ele>1257</ele>
      </trkpt>
      <trkpt lat="46.717222" lon="12.306514">
        <ele>1258.25</ele>
      </trkpt>
      <trkpt lat="46.716847" lon="12.30725">
        <ele>1260</ele>
      </trkpt>
      <trkpt lat="46.716773" lon="12.307354">
        <ele>1260.5</ele>
      </trkpt>
      <trkpt lat="46.716675" lon="12.307424">
        <ele>1261.75</ele>
      </trkpt>
      <trkpt lat="46.716513" lon="12.307463">
        <ele>1267</ele>
      </trkpt>
      <trkpt lat="46.716453" lon="12.307531">
        <ele>1268.25</ele>
      </trkpt>
      <trkpt lat="46.716426" lon="12.307631">
        <ele>1267.75</ele>
      </trkpt>
      <trkpt lat="46.716415" lon="12.307878">
        <ele>1265</ele>
      </trkpt>
      <trkpt lat="46.716395" lon="12.308003">
        <ele>1264</ele>
      </trkpt>
      <trkpt lat="46.716351" lon="12.308112">
        <ele>1264</ele>
      </trkpt>
      <trkpt lat="46.716234" lon="12.308273">
        <ele>1265.75</ele>
      </trkpt>
      <trkpt lat="46.716006" lon="12.30853">
        <ele>1269.25</ele>
      </trkpt>
      <trkpt lat="46.715934" lon="12.308633">
        <ele>1270</ele>
      </trkpt>
      <trkpt lat="46.715916" lon="12.30879">
        <ele>1268</ele>
      </trkpt>
      <trkpt lat="46.715877" lon="12.308948">
        <ele>1266.5</ele>
      </trkpt>
      <trkpt lat="46.715689" lon="12.309206">
        <ele>1268.25</ele>
      </trkpt>
      <trkpt lat="46.715284" lon="12.3101">
        <ele>1269.75</ele>
      </trkpt>
      <trkpt lat="46.715194" lon="12.310251">
        <ele>1270.25</ele>
      </trkpt>
      <trkpt lat="46.714968" lon="12.310502">
        <ele>1272.5</ele>
      </trkpt>
      <trkpt lat="46.714858" lon="12.310706">
        <ele>1272.5</ele>
      </trkpt>
      <trkpt lat="46.714768" lon="12.310842">
        <ele>1273</ele>
      </trkpt>
      <trkpt lat="46.714557" lon="12.311085">
        <ele>1275.75</ele>
      </trkpt>
      <trkpt lat="46.714483" lon="12.311202">
        <ele>1276</ele>
      </trkpt>
      <trkpt lat="46.714408" lon="12.311328">
        <ele>1276.25</ele>
      </trkpt>
      <trkpt lat="46.714346" lon="12.311477">
        <ele>1275.75</ele>
      </trkpt>
      <trkpt lat="46.714323" lon="12.311654">
        <ele>1273.75</ele>
      </trkpt>
      <trkpt lat="46.714305" lon="12.311995">
        <ele>1272.75</ele>
      </trkpt>
      <trkpt lat="46.714293" lon="12.312112">
        <ele>1272.5</ele>
      </trkpt>
      <trkpt lat="46.714269" lon="12.312242">
        <ele>1272.25</ele>
      </trkpt>
      <trkpt lat="46.714235" lon="12.312358">
        <ele>1272.5</ele>
      </trkpt>
      <trkpt lat="46.714152" lon="12.312579">
        <ele>1272.5</ele>
      </trkpt>
      <trkpt lat="46.714093" lon="12.312839">
        <ele>1271.5</ele>
      </trkpt>
      <trkpt lat="46.714034" lon="12.313024">
        <ele>1271</ele>
      </trkpt>
      <trkpt lat="46.713981" lon="12.313131">
        <ele>1271</ele>
      </trkpt>
      <trkpt lat="46.713892" lon="12.313278">
        <ele>1271.5</ele>
      </trkpt>
      <trkpt lat="46.713851" lon="12.313363">
        <ele>1271.5</ele>
      </trkpt>
      <trkpt lat="46.713832" lon="12.313472">
        <ele>1271</ele>
      </trkpt>
      <trkpt lat="46.713824" lon="12.313583">
        <ele>1270</ele>
      </trkpt>
      <trkpt lat="46.713808" lon="12.313831">
        <ele>1268</ele>
      </trkpt>
      <trkpt lat="46.713795" lon="12.313944">
        <ele>1267.25</ele>
      </trkpt>
      <trkpt lat="46.713711" lon="12.314246">
        <ele>1266</ele>
      </trkpt>
      <trkpt lat="46.713581" lon="12.314647">
        <ele>1265.25</ele>
      </trkpt>
      <trkpt lat="46.713225" lon="12.315598">
        <ele>1264.25</ele>
      </trkpt>
      <trkpt lat="46.712947" lon="12.316167">
        <ele>1263.25</ele>
      </trkpt>
      <trkpt lat="46.712814" lon="12.316413">
        <ele>1263.25</ele>
      </trkpt>
      <trkpt lat="46.712786" lon="12.31643">
        <ele>1263.5</ele>
      </trkpt>
      <trkpt lat="46.712577" lon="12.316287">
        <ele>1264.5</ele>
      </trkpt>
      <trkpt lat="46.712505" lon="12.316255">
        <ele>1264.75</ele>
      </trkpt>
      <trkpt lat="46.712442" lon="12.316258">
        <ele>1265.5</ele>
      </trkpt>
      <trkpt lat="46.712404" lon="12.316478">
        <ele>1266.25</ele>
      </trkpt>
      <trkpt lat="46.71238" lon="12.316604">
        <ele>1267</ele>
      </trkpt>
      <trkpt lat="46.712375" lon="12.316694">
        <ele>1267.5</ele>
      </trkpt>
      <trkpt lat="46.712415" lon="12.316891">
        <ele>1269.75</ele>
      </trkpt>
      <trkpt lat="46.712131" lon="12.316687">
        <ele>1272</ele>
      </trkpt>
      <trkpt lat="46.711495" lon="12.316382">
        <ele>1280.25</ele>
      </trkpt>
      <trkpt lat="46.711045" lon="12.316189">
        <ele>1285.25</ele>
      </trkpt>
      <trkpt lat="46.710778" lon="12.316091">
        <ele>1287.5</ele>
      </trkpt>
      <trkpt lat="46.710473" lon="12.316">
        <ele>1291.5</ele>
      </trkpt>
      <trkpt lat="46.709968" lon="12.315774">
        <ele>1296</ele>
      </trkpt>
      <trkpt lat="46.709929" lon="12.315768">
        <ele>1296.25</ele>
      </trkpt>
      <trkpt lat="46.709707" lon="12.315737">
        <ele>1299.25</ele>
      </trkpt>
      <trkpt lat="46.709547" lon="12.315832">
        <ele>1301.75</ele>
      </trkpt>
      <trkpt lat="46.709378" lon="12.315902">
        <ele>1306.25</ele>
      </trkpt>
      <trkpt lat="46.709179" lon="12.315881">
        <ele>1308.25</ele>
      </trkpt>
      <trkpt lat="46.708978" lon="12.315824">
        <ele>1308.75</ele>
      </trkpt>
      <trkpt lat="46.708717" lon="12.315852">
        <ele>1311.75</ele>
      </trkpt>
      <trkpt lat="46.708505" lon="12.315951">
        <ele>1316.25</ele>
      </trkpt>
      <trkpt lat="46.708321" lon="12.315977">
        <ele>1318.5</ele>
      </trkpt>
      <trkpt lat="46.70807" lon="12.316096">
        <ele>1322</ele>
      </trkpt>
      <trkpt lat="46.707841" lon="12.316061">
        <ele>1321.75</ele>
      </trkpt>
      <trkpt lat="46.707211" lon="12.316241">
        <ele>1326.5</ele>
      </trkpt>
      <trkpt lat="46.706905" lon="12.316417">
        <ele>1329.75</ele>
      </trkpt>
      <trkpt lat="46.706641" lon="12.316507">
        <ele>1330.75</ele>
      </trkpt>
      <trkpt lat="46.706016" lon="12.316639">
        <ele>1332.5</ele>
      </trkpt>
      <trkpt lat="46.705885" lon="12.316642">
        <ele>1332.75</ele>
      </trkpt>
      <trkpt lat="46.705689" lon="12.316623">
        <ele>1333.75</ele>
      </trkpt>
      <trkpt lat="46.705399" lon="12.316509">
        <ele>1334.75</ele>
      </trkpt>
      <trkpt lat="46.704995" lon="12.316512">
        <ele>1337.75</ele>
      </trkpt>
      <trkpt lat="46.704728" lon="12.316484">
        <ele>1339</ele>
      </trkpt>
      <trkpt lat="46.704627" lon="12.316433">
        <ele>1338.75</ele>
      </trkpt>
      <trkpt lat="46.704535" lon="12.316243">
        <ele>1335.75</ele>
      </trkpt>
      <trkpt lat="46.70449" lon="12.316177">
        <ele>1334.5</ele>
      </trkpt>
      <trkpt lat="46.704359" lon="12.31612">
        <ele>1333.75</ele>
      </trkpt>
      <trkpt lat="46.704147" lon="12.316253">
        <ele>1337.5</ele>
      </trkpt>
      <trkpt lat="46.703929" lon="12.316307">
        <ele>1339.5</ele>
      </trkpt>
      <trkpt lat="46.703672" lon="12.316513">
        <ele>1345.75</ele>
      </trkpt>
      <trkpt lat="46.703081" lon="12.316516">
        <ele>1350.25</ele>
      </trkpt>
      <trkpt lat="46.702767" lon="12.31643">
        <ele>1351.5</ele>
      </trkpt>
      <trkpt lat="46.702512" lon="12.316267">
        <ele>1350.25</ele>
      </trkpt>
      <trkpt lat="46.70233" lon="12.316196">
        <ele>1350.75</ele>
      </trkpt>
      <trkpt lat="46.702021" lon="12.316119">
        <ele>1352.75</ele>
      </trkpt>
      <trkpt lat="46.701683" lon="12.315909">
        <ele>1350.25</ele>
      </trkpt>
      <trkpt lat="46.701376" lon="12.315693">
        <ele>1348</ele>
      </trkpt>
      <trkpt lat="46.701245" lon="12.315626">
        <ele>1348</ele>
      </trkpt>
      <trkpt lat="46.701151" lon="12.315617">
        <ele>1348.5</ele>
      </trkpt>
      <trkpt lat="46.701109" lon="12.315585">
        <ele>1348.25</ele>
      </trkpt>
      <trkpt lat="46.701082" lon="12.315536">
        <ele>1347.5</ele>
      </trkpt>
      <trkpt lat="46.701053" lon="12.315384">
        <ele>1345</ele>
      </trkpt>
      <trkpt lat="46.701014" lon="12.315297">
        <ele>1343.5</ele>
      </trkpt>
      <trkpt lat="46.70091" lon="12.315164">
        <ele>1341.75</ele>
      </trkpt>
      <trkpt lat="46.700822" lon="12.314997">
        <ele>1339</ele>
      </trkpt>
      <trkpt lat="46.700658" lon="12.314878">
        <ele>1339.75</ele>
      </trkpt>
      <trkpt lat="46.700657" lon="12.314877">
        <ele>1339.75</ele>
      </trkpt>
      <trkpt lat="46.700557" lon="12.314805">
        <ele>1340.5</ele>
      </trkpt>
      <trkpt lat="46.700509" lon="12.314801">
        <ele>1340.75</ele>
      </trkpt>
      <trkpt lat="46.700439" lon="12.31481">
        <ele>1341.25</ele>
      </trkpt>
      <trkpt lat="46.700377" lon="12.314797">
        <ele>1341.5</ele>
      </trkpt>
      <trkpt lat="46.700212" lon="12.314793">
        <ele>1342.25</ele>
      </trkpt>
      <trkpt lat="46.699991" lon="12.314861">
        <ele>1344</ele>
      </trkpt>
      <trkpt lat="46.699867" lon="12.314765">
        <ele>1343.5</ele>
      </trkpt>
      <trkpt lat="46.69969" lon="12.314606">
        <ele>1343.25</ele>
      </trkpt>
      <trkpt lat="46.699582" lon="12.314667">
        <ele>1344</ele>
      </trkpt>
      <trkpt lat="46.699388" lon="12.314637">
        <ele>1344.25</ele>
      </trkpt>
      <trkpt lat="46.699225" lon="12.31452">
        <ele>1344.25</ele>
      </trkpt>
      <trkpt lat="46.699033" lon="12.314417">
        <ele>1345</ele>
      </trkpt>
      <trkpt lat="46.698999" lon="12.314311">
        <ele>1344.5</ele>
      </trkpt>
      <trkpt lat="46.699008" lon="12.314158">
        <ele>1343.75</ele>
      </trkpt>
      <trkpt lat="46.699092" lon="12.314029">
        <ele>1344</ele>
      </trkpt>
      <trkpt lat="46.699151" lon="12.313957">
        <ele>1344</ele>
      </trkpt>
      <trkpt lat="46.699145" lon="12.313866">
        <ele>1344.5</ele>
      </trkpt>
      <trkpt lat="46.699115" lon="12.313788">
        <ele>1344.75</ele>
      </trkpt>
      <trkpt lat="46.698701" lon="12.313804">
        <ele>1345.75</ele>
      </trkpt>
      <trkpt lat="46.698667" lon="12.313737">
        <ele>1345.75</ele>
      </trkpt>
      <trkpt lat="46.698593" lon="12.313648">
        <ele>1345.75</ele>
      </trkpt>
      <trkpt lat="46.698457" lon="12.31353">
        <ele>1345.75</ele>
      </trkpt>
      <trkpt lat="46.698422" lon="12.313489">
        <ele>1345.5</ele>
      </trkpt>
      <trkpt lat="46.698348" lon="12.313301">
        <ele>1345.25</ele>
      </trkpt>
      <trkpt lat="46.698213" lon="12.313313">
        <ele>1345.75</ele>
      </trkpt>
      <trkpt lat="46.698094" lon="12.31325">
        <ele>1346.75</ele>
      </trkpt>
      <trkpt lat="46.698019" lon="12.31319">
        <ele>1347.5</ele>
      </trkpt>
      <trkpt lat="46.69796" lon="12.313103">
        <ele>1348</ele>
      </trkpt>
      <trkpt lat="46.697918" lon="12.31299">
        <ele>1348.5</ele>
      </trkpt>
      <trkpt lat="46.697861" lon="12.3128">
        <ele>1349</ele>
      </trkpt>
      <trkpt lat="46.697847" lon="12.312776">
        <ele>1349</ele>
      </trkpt>
      <trkpt lat="46.697816" lon="12.312722">
        <ele>1349</ele>
      </trkpt>
      <trkpt lat="46.697578" lon="12.312541">
        <ele>1347.5</ele>
      </trkpt>
      <trkpt lat="46.697499" lon="12.312462">
        <ele>1347.5</ele>
      </trkpt>
      <trkpt lat="46.697366" lon="12.312262">
        <ele>1351</ele>
      </trkpt>
      <trkpt lat="46.697267" lon="12.312158">
        <ele>1353</ele>
      </trkpt>
      <trkpt lat="46.697112" lon="12.312053">
        <ele>1355</ele>
      </trkpt>
      <trkpt lat="46.697005" lon="12.311996">
        <ele>1356.25</ele>
      </trkpt>
      <trkpt lat="46.696444" lon="12.311774">
        <ele>1361.25</ele>
      </trkpt>
      <trkpt lat="46.695918" lon="12.311422">
        <ele>1372</ele>
      </trkpt>
      <trkpt lat="46.69555" lon="12.311343">
        <ele>1372.5</ele>
      </trkpt>
      <trkpt lat="46.695422" lon="12.311309">
        <ele>1372.75</ele>
      </trkpt>
      <trkpt lat="46.695271" lon="12.311159">
        <ele>1375.25</ele>
      </trkpt>
      <trkpt lat="46.693983" lon="12.310965">
        <ele>1376.75</ele>
      </trkpt>
      <trkpt lat="46.693627" lon="12.310611">
        <ele>1383</ele>
      </trkpt>
      <trkpt lat="46.693503" lon="12.310794">
        <ele>1379.5</ele>
      </trkpt>
      <trkpt lat="46.693347" lon="12.311068">
        <ele>1378.25</ele>
      </trkpt>
      <trkpt lat="46.693142" lon="12.311245">
        <ele>1379.25</ele>
      </trkpt>
      <trkpt lat="46.693074" lon="12.311021">
        <ele>1379.25</ele>
      </trkpt>
      <trkpt lat="46.692762" lon="12.310769">
        <ele>1379.5</ele>
      </trkpt>
      <trkpt lat="46.692697" lon="12.310683">
        <ele>1380</ele>
      </trkpt>
      <trkpt lat="46.692628" lon="12.310546">
        <ele>1380.75</ele>
      </trkpt>
      <trkpt lat="46.692484" lon="12.310375">
        <ele>1381.25</ele>
      </trkpt>
      <trkpt lat="46.692323" lon="12.310114">
        <ele>1384.5</ele>
      </trkpt>
      <trkpt lat="46.692091" lon="12.30979">
        <ele>1391.5</ele>
      </trkpt>
      <trkpt lat="46.69189" lon="12.309642">
        <ele>1395.25</ele>
      </trkpt>
      <trkpt lat="46.691706" lon="12.309494">
        <ele>1397.75</ele>
      </trkpt>
      <trkpt lat="46.691537" lon="12.309416">
        <ele>1399.75</ele>
      </trkpt>
      <trkpt lat="46.691394" lon="12.309267">
        <ele>1401.75</ele>
      </trkpt>
      <trkpt lat="46.691185" lon="12.309231">
        <ele>1403</ele>
      </trkpt>
      <trkpt lat="46.691179" lon="12.30923">
        <ele>1403.25</ele>
      </trkpt>
      <trkpt lat="46.690853" lon="12.309389">
        <ele>1406.75</ele>
      </trkpt>
      <trkpt lat="46.690714" lon="12.309318">
        <ele>1408.25</ele>
      </trkpt>
      <trkpt lat="46.690673" lon="12.309275">
        <ele>1408.5</ele>
      </trkpt>
      <trkpt lat="46.690603" lon="12.309161">
        <ele>1408.75</ele>
      </trkpt>
      <trkpt lat="46.690352" lon="12.309009">
        <ele>1414.5</ele>
      </trkpt>
      <trkpt lat="46.689972" lon="12.308915">
        <ele>1420.25</ele>
      </trkpt>
      <trkpt lat="46.689836" lon="12.308789">
        <ele>1423</ele>
      </trkpt>
      <trkpt lat="46.68968" lon="12.308369">
        <ele>1425.75</ele>
      </trkpt>
      <trkpt lat="46.689567" lon="12.308132">
        <ele>1431.75</ele>
      </trkpt>
      <trkpt lat="46.689442" lon="12.307984">
        <ele>1435.75</ele>
      </trkpt>
      <trkpt lat="46.689292" lon="12.307896">
        <ele>1437.5</ele>
      </trkpt>
      <trkpt lat="46.689058" lon="12.307784">
        <ele>1441</ele>
      </trkpt>
      <trkpt lat="46.688866" lon="12.307551">
        <ele>1446</ele>
      </trkpt>
      <trkpt lat="46.688716" lon="12.307445">
        <ele>1449.5</ele>
      </trkpt>
      <trkpt lat="46.688596" lon="12.307305">
        <ele>1453.5</ele>
      </trkpt>
      <trkpt lat="46.688529" lon="12.307265">
        <ele>1454.75</ele>
      </trkpt>
      <trkpt lat="46.688386" lon="12.307278">
        <ele>1455.25</ele>
      </trkpt>
      <trkpt lat="46.688028" lon="12.307379">
        <ele>1460</ele>
      </trkpt>
      <trkpt lat="46.688001" lon="12.307464">
        <ele>1460</ele>
      </trkpt>
      <trkpt lat="46.688012" lon="12.307649">
        <ele>1460</ele>
      </trkpt>
      <trkpt lat="46.68804" lon="12.30771">
        <ele>1459.75</ele>
      </trkpt>
      <trkpt lat="46.68803" lon="12.307781">
        <ele>1460.25</ele>
      </trkpt>
      <trkpt lat="46.687984" lon="12.307822">
        <ele>1461.5</ele>
      </trkpt>
      <trkpt lat="46.687798" lon="12.307768">
        <ele>1465.5</ele>
      </trkpt>
      <trkpt lat="46.687529" lon="12.307482">
        <ele>1469.25</ele>
      </trkpt>
      <trkpt lat="46.68717" lon="12.30722">
        <ele>1477.25</ele>
      </trkpt>
      <trkpt lat="46.686907" lon="12.30699">
        <ele>1481.5</ele>
      </trkpt>
      <trkpt lat="46.68683" lon="12.306873">
        <ele>1482</ele>
      </trkpt>
      <trkpt lat="46.686582" lon="12.306795">
        <ele>1486</ele>
      </trkpt>
      <trkpt lat="46.686504" lon="12.306809">
        <ele>1487.5</ele>
      </trkpt>
      <trkpt lat="46.686451" lon="12.306819">
        <ele>1488.75</ele>
      </trkpt>
      <trkpt lat="46.686329" lon="12.30677">
        <ele>1490.25</ele>
      </trkpt>
      <trkpt lat="46.686265" lon="12.306711">
        <ele>1490.25</ele>
      </trkpt>
      <trkpt lat="46.686154" lon="12.30651">
        <ele>1492.25</ele>
      </trkpt>
      <trkpt lat="46.685928" lon="12.306291">
        <ele>1496.5</ele>
      </trkpt>
      <trkpt lat="46.685739" lon="12.306252">
        <ele>1499</ele>
      </trkpt>
      <trkpt lat="46.685675" lon="12.306173">
        <ele>1499.75</ele>
      </trkpt>
      <trkpt lat="46.685639" lon="12.306149">
        <ele>1500</ele>
      </trkpt>
      <trkpt lat="46.685563" lon="12.306173">
        <ele>1500.75</ele>
      </trkpt>
      <trkpt lat="46.685501" lon="12.306137">
        <ele>1501.25</ele>
      </trkpt>
      <trkpt lat="46.685473" lon="12.306048">
        <ele>1501</ele>
      </trkpt>
      <trkpt lat="46.685381" lon="12.30596">
        <ele>1501</ele>
      </trkpt>
      <trkpt lat="46.685265" lon="12.305973">
        <ele>1501.75</ele>
      </trkpt>
      <trkpt lat="46.685222" lon="12.305878">
        <ele>1500.75</ele>
      </trkpt>
      <trkpt lat="46.685218" lon="12.30582">
        <ele>1500.5</ele>
      </trkpt>
      <trkpt lat="46.685235" lon="12.30569">
        <ele>1501.5</ele>
      </trkpt>
      <trkpt lat="46.685249" lon="12.305632">
        <ele>1501.75</ele>
      </trkpt>
      <trkpt lat="46.68519" lon="12.305554">
        <ele>1502.5</ele>
      </trkpt>
      <trkpt lat="46.685131" lon="12.305417">
        <ele>1503.5</ele>
      </trkpt>
      <trkpt lat="46.684781" lon="12.304409">
        <ele>1510.25</ele>
      </trkpt>
      <trkpt lat="46.684412" lon="12.30341">
        <ele>1517.75</ele>
      </trkpt>
      <trkpt lat="46.684292" lon="12.303174">
        <ele>1518.5</ele>
      </trkpt>
      <trkpt lat="46.684274" lon="12.303131">
        <ele>1518.5</ele>
      </trkpt>
      <trkpt lat="46.684157" lon="12.302854">
        <ele>1519.5</ele>
      </trkpt>
      <trkpt lat="46.683918" lon="12.30237">
        <ele>1525</ele>
      </trkpt>
      <trkpt lat="46.683811" lon="12.301961">
        <ele>1530.25</ele>
      </trkpt>
      <trkpt lat="46.683761" lon="12.30185">
        <ele>1531.5</ele>
      </trkpt>
      <trkpt lat="46.683684" lon="12.301728">
        <ele>1532.5</ele>
      </trkpt>
      <trkpt lat="46.683582" lon="12.301655">
        <ele>1532.75</ele>
      </trkpt>
      <trkpt lat="46.683475" lon="12.30169">
        <ele>1532.25</ele>
      </trkpt>
      <trkpt lat="46.683327" lon="12.301528">
        <ele>1532.5</ele>
      </trkpt>
      <trkpt lat="46.683152" lon="12.301401">
        <ele>1534.5</ele>
      </trkpt>
      <trkpt lat="46.682981" lon="12.301433">
        <ele>1536</ele>
      </trkpt>
      <trkpt lat="46.682925" lon="12.301413">
        <ele>1536.5</ele>
      </trkpt>
      <trkpt lat="46.682886" lon="12.301427">
        <ele>1536.75</ele>
      </trkpt>
      <trkpt lat="46.682823" lon="12.301408">
        <ele>1537.5</ele>
      </trkpt>
      <trkpt lat="46.682611" lon="12.301277">
        <ele>1538.75</ele>
      </trkpt>
      <trkpt lat="46.682546" lon="12.301301">
        <ele>1539.25</ele>
      </trkpt>
      <trkpt lat="46.682316" lon="12.301112">
        <ele>1543</ele>
      </trkpt>
      <trkpt lat="46.682145" lon="12.301059">
        <ele>1546.75</ele>
      </trkpt>
      <trkpt lat="46.681943" lon="12.300903">
        <ele>1551.25</ele>
      </trkpt>
      <trkpt lat="46.681464" lon="12.300914">
        <ele>1564.75</ele>
      </trkpt>
      <trkpt lat="46.681375" lon="12.300938">
        <ele>1567.75</ele>
      </trkpt>
      <trkpt lat="46.68128" lon="12.300868">
        <ele>1570.5</ele>
      </trkpt>
      <trkpt lat="46.681151" lon="12.300834">
        <ele>1574.5</ele>
      </trkpt>
      <trkpt lat="46.681141" lon="12.300832">
        <ele>1575</ele>
      </trkpt>
      <trkpt lat="46.681101" lon="12.300519">
        <ele>1575.5</ele>
      </trkpt>
      <trkpt lat="46.681034" lon="12.30024">
        <ele>1577.25</ele>
      </trkpt>
      <trkpt lat="46.680846" lon="12.299864">
        <ele>1581.75</ele>
      </trkpt>
      <trkpt lat="46.680416" lon="12.298877">
        <ele>1589.75</ele>
      </trkpt>
      <trkpt lat="46.680263" lon="12.298706">
        <ele>1593.5</ele>
      </trkpt>
      <trkpt lat="46.680153" lon="12.298638">
        <ele>1595.5</ele>
      </trkpt>
      <trkpt lat="46.679739" lon="12.298541">
        <ele>1602.25</ele>
      </trkpt>
      <trkpt lat="46.679551" lon="12.298421">
        <ele>1604.5</ele>
      </trkpt>
      <trkpt lat="46.679348" lon="12.298159">
        <ele>1606.5</ele>
      </trkpt>
      <trkpt lat="46.679162" lon="12.298009">
        <ele>1607.75</ele>
      </trkpt>
      <trkpt lat="46.678928" lon="12.297933">
        <ele>1610</ele>
      </trkpt>
      <trkpt lat="46.678549" lon="12.297673">
        <ele>1612.75</ele>
      </trkpt>
      <trkpt lat="46.67825" lon="12.297495">
        <ele>1615.5</ele>
      </trkpt>
      <trkpt lat="46.677976" lon="12.297412">
        <ele>1621</ele>
      </trkpt>
      <trkpt lat="46.677796" lon="12.297345">
        <ele>1624.5</ele>
      </trkpt>
      <trkpt lat="46.67756" lon="12.297217">
        <ele>1628.5</ele>
      </trkpt>
      <trkpt lat="46.677181" lon="12.296984">
        <ele>1628.75</ele>
      </trkpt>
      <trkpt lat="46.677058" lon="12.296875">
        <ele>1627.5</ele>
      </trkpt>
      <trkpt lat="46.676932" lon="12.296762">
        <ele>1626.5</ele>
      </trkpt>
      <trkpt lat="46.676837" lon="12.296762">
        <ele>1626</ele>
      </trkpt>
      <trkpt lat="46.676741" lon="12.296853">
        <ele>1626.5</ele>
      </trkpt>
      <trkpt lat="46.676642" lon="12.296921">
        <ele>1627</ele>
      </trkpt>
      <trkpt lat="46.676538" lon="12.296955">
        <ele>1627.5</ele>
      </trkpt>
      <trkpt lat="46.676372" lon="12.296912">
        <ele>1626.75</ele>
      </trkpt>
      <trkpt lat="46.675585" lon="12.296623">
        <ele>1621.5</ele>
      </trkpt>
      <trkpt lat="46.675107" lon="12.296636">
        <ele>1621</ele>
      </trkpt>
      <trkpt lat="46.674959" lon="12.296657">
        <ele>1621.25</ele>
      </trkpt>
      <trkpt lat="46.674833" lon="12.296659">
        <ele>1622.75</ele>
      </trkpt>
      <trkpt lat="46.674604" lon="12.296641">
        <ele>1625</ele>
      </trkpt>
      <trkpt lat="46.674478" lon="12.296641">
        <ele>1626.5</ele>
      </trkpt>
      <trkpt lat="46.674372" lon="12.296658">
        <ele>1627.5</ele>
      </trkpt>
      <trkpt lat="46.674276" lon="12.296699">
        <ele>1629</ele>
      </trkpt>
      <trkpt lat="46.67426" lon="12.296674">
        <ele>1629</ele>
      </trkpt>
      <trkpt lat="46.674229" lon="12.296631">
        <ele>1629</ele>
      </trkpt>
      <trkpt lat="46.674106" lon="12.296463">
        <ele>1628.5</ele>
      </trkpt>
      <trkpt lat="46.674022" lon="12.296293">
        <ele>1627.5</ele>
      </trkpt>
      <trkpt lat="46.673583" lon="12.29541">
        <ele>1628.25</ele>
      </trkpt>
      <trkpt lat="46.673221" lon="12.294702">
        <ele>1627.5</ele>
      </trkpt>
      <trkpt lat="46.672828" lon="12.294124">
        <ele>1630.75</ele>
      </trkpt>
      <trkpt lat="46.672075" lon="12.293804">
        <ele>1632</ele>
      </trkpt>
      <trkpt lat="46.671737" lon="12.29366">
        <ele>1633.25</ele>
      </trkpt>
      <trkpt lat="46.671475" lon="12.293508">
        <ele>1634.75</ele>
      </trkpt>
      <trkpt lat="46.671339" lon="12.293471">
        <ele>1635.5</ele>
      </trkpt>
      <trkpt lat="46.671273" lon="12.293519">
        <ele>1635.5</ele>
      </trkpt>
      <trkpt lat="46.671191" lon="12.293621">
        <ele>1635.5</ele>
      </trkpt>
      <trkpt lat="46.671085" lon="12.293689">
        <ele>1635.75</ele>
      </trkpt>
      <trkpt lat="46.670979" lon="12.293716">
        <ele>1636.25</ele>
      </trkpt>
      <trkpt lat="46.670847" lon="12.293708">
        <ele>1637</ele>
      </trkpt>
      <trkpt lat="46.67077" lon="12.29368">
        <ele>1637.5</ele>
      </trkpt>
      <trkpt lat="46.670646" lon="12.293672">
        <ele>1638.75</ele>
      </trkpt>
      <trkpt lat="46.670357" lon="12.293681">
        <ele>1641.5</ele>
      </trkpt>
      <trkpt lat="46.67016" lon="12.293605">
        <ele>1643.5</ele>
      </trkpt>
      <trkpt lat="46.669998" lon="12.293573">
        <ele>1645</ele>
      </trkpt>
      <trkpt lat="46.669771" lon="12.293466">
        <ele>1645.75</ele>
      </trkpt>
      <trkpt lat="46.669524" lon="12.293264">
        <ele>1647.25</ele>
      </trkpt>
      <trkpt lat="46.669344" lon="12.293223">
        <ele>1647.75</ele>
      </trkpt>
      <trkpt lat="46.669187" lon="12.293085">
        <ele>1649</ele>
      </trkpt>
      <trkpt lat="46.668902" lon="12.292656">
        <ele>1651</ele>
      </trkpt>
      <trkpt lat="46.668825" lon="12.292469">
        <ele>1652</ele>
      </trkpt>
      <trkpt lat="46.668719" lon="12.29237">
        <ele>1653.25</ele>
      </trkpt>
      <trkpt lat="46.668617" lon="12.292338">
        <ele>1653.25</ele>
      </trkpt>
      <trkpt lat="46.668457" lon="12.292144">
        <ele>1656.25</ele>
      </trkpt>
      <trkpt lat="46.668381" lon="12.292139">
        <ele>1656</ele>
      </trkpt>
      <trkpt lat="46.668296" lon="12.292153">
        <ele>1655.75</ele>
      </trkpt>
      <trkpt lat="46.667926" lon="12.292112">
        <ele>1659</ele>
      </trkpt>
      <trkpt lat="46.667792" lon="12.29206">
        <ele>1660.75</ele>
      </trkpt>
      <trkpt lat="46.667654" lon="12.292067">
        <ele>1661.75</ele>
      </trkpt>
      <trkpt lat="46.667446" lon="12.292172">
        <ele>1661.25</ele>
      </trkpt>
      <trkpt lat="46.667256" lon="12.292108">
        <ele>1663</ele>
      </trkpt>
      <trkpt lat="46.667243" lon="12.292104">
        <ele>1663.25</ele>
      </trkpt>
      <trkpt lat="46.666998" lon="12.292153">
        <ele>1663.5</ele>
      </trkpt>
      <trkpt lat="46.666785" lon="12.292159">
        <ele>1664.5</ele>
      </trkpt>
      <trkpt lat="46.666658" lon="12.292011">
        <ele>1666.75</ele>
      </trkpt>
      <trkpt lat="46.666582" lon="12.291992">
        <ele>1667.25</ele>
      </trkpt>
      <trkpt lat="46.666398" lon="12.291816">
        <ele>1670.25</ele>
      </trkpt>
      <trkpt lat="46.666166" lon="12.291679">
        <ele>1673</ele>
      </trkpt>
      <trkpt lat="46.666016" lon="12.291669">
        <ele>1674</ele>
      </trkpt>
      <trkpt lat="46.665875" lon="12.291772">
        <ele>1673.25</ele>
      </trkpt>
      <trkpt lat="46.665742" lon="12.291921">
        <ele>1672.75</ele>
      </trkpt>
      <trkpt lat="46.665678" lon="12.291957">
        <ele>1673.25</ele>
      </trkpt>
      <trkpt lat="46.664885" lon="12.291987">
        <ele>1685</ele>
      </trkpt>
      <trkpt lat="46.664775" lon="12.292039">
        <ele>1685.25</ele>
      </trkpt>
      <trkpt lat="46.664704" lon="12.292104">
        <ele>1684.75</ele>
      </trkpt>
      <trkpt lat="46.664543" lon="12.292148">
        <ele>1685.5</ele>
      </trkpt>
      <trkpt lat="46.664463" lon="12.292221">
        <ele>1684.5</ele>
      </trkpt>
      <trkpt lat="46.664108" lon="12.29224">
        <ele>1687.5</ele>
      </trkpt>
      <trkpt lat="46.663954" lon="12.292334">
        <ele>1685</ele>
      </trkpt>
      <trkpt lat="46.66391" lon="12.292397">
        <ele>1683.25</ele>
      </trkpt>
      <trkpt lat="46.663738" lon="12.292378">
        <ele>1684</ele>
      </trkpt>
      <trkpt lat="46.663299" lon="12.292349">
        <ele>1686</ele>
      </trkpt>
      <trkpt lat="46.663047" lon="12.292241">
        <ele>1692.25</ele>
      </trkpt>
      <trkpt lat="46.662997" lon="12.292134">
        <ele>1696</ele>
      </trkpt>
      <trkpt lat="46.662916" lon="12.292114">
        <ele>1697.75</ele>
      </trkpt>
      <trkpt lat="46.662813" lon="12.292148">
        <ele>1698.5</ele>
      </trkpt>
      <trkpt lat="46.662618" lon="12.292134">
        <ele>1702</ele>
      </trkpt>
      <trkpt lat="46.662433" lon="12.292182">
        <ele>1703</ele>
      </trkpt>
      <trkpt lat="46.662351" lon="12.292251">
        <ele>1701.75</ele>
      </trkpt>
      <trkpt lat="46.662061" lon="12.29259">
        <ele>1696</ele>
      </trkpt>
      <trkpt lat="46.661769" lon="12.293014">
        <ele>1693.25</ele>
      </trkpt>
      <trkpt lat="46.661269" lon="12.29344">
        <ele>1696.25</ele>
      </trkpt>
      <trkpt lat="46.661091" lon="12.293658">
        <ele>1698.5</ele>
      </trkpt>
      <trkpt lat="46.66063" lon="12.293995">
        <ele>1702.25</ele>
      </trkpt>
      <trkpt lat="46.660497" lon="12.294199">
        <ele>1703.5</ele>
      </trkpt>
      <trkpt lat="46.660422" lon="12.294244">
        <ele>1704.75</ele>
      </trkpt>
      <trkpt lat="46.660308" lon="12.294313">
        <ele>1707.25</ele>
      </trkpt>
      <trkpt lat="46.659928" lon="12.294578">
        <ele>1715</ele>
      </trkpt>
      <trkpt lat="46.659663" lon="12.294599">
        <ele>1721.25</ele>
      </trkpt>
      <trkpt lat="46.659554" lon="12.294666">
        <ele>1724.25</ele>
      </trkpt>
      <trkpt lat="46.659451" lon="12.294648">
        <ele>1726.75</ele>
      </trkpt>
      <trkpt lat="46.659288" lon="12.294673">
        <ele>1730.75</ele>
      </trkpt>
      <trkpt lat="46.659156" lon="12.294682">
        <ele>1734</ele>
      </trkpt>
      <trkpt lat="46.659009" lon="12.294855">
        <ele>1739.75</ele>
      </trkpt>
      <trkpt lat="46.658868" lon="12.2949">
        <ele>1744.5</ele>
      </trkpt>
      <trkpt lat="46.658753" lon="12.294988">
        <ele>1748.75</ele>
      </trkpt>
      <trkpt lat="46.658583" lon="12.295042">
        <ele>1755.5</ele>
      </trkpt>
      <trkpt lat="46.658497" lon="12.294986">
        <ele>1756.75</ele>
      </trkpt>
      <trkpt lat="46.658417" lon="12.294954">
        <ele>1758.75</ele>
      </trkpt>
      <trkpt lat="46.658366" lon="12.294983">
        <ele>1760.75</ele>
      </trkpt>
      <trkpt lat="46.658364" lon="12.295056">
        <ele>1763</ele>
      </trkpt>
      <trkpt lat="46.658289" lon="12.295043">
        <ele>1766</ele>
      </trkpt>
      <trkpt lat="46.658244" lon="12.294978">
        <ele>1766.5</ele>
      </trkpt>
      <trkpt lat="46.658189" lon="12.295013">
        <ele>1770.25</ele>
      </trkpt>
      <trkpt lat="46.658161" lon="12.29512">
        <ele>1776</ele>
      </trkpt>
      <trkpt lat="46.658117" lon="12.295076">
        <ele>1776.75</ele>
      </trkpt>
      <trkpt lat="46.658112" lon="12.295211">
        <ele>1782</ele>
      </trkpt>
      <trkpt lat="46.658085" lon="12.295214">
        <ele>1783.5</ele>
      </trkpt>
      <trkpt lat="46.658019" lon="12.295169">
        <ele>1785.5</ele>
      </trkpt>
      <trkpt lat="46.658009" lon="12.295198">
        <ele>1787</ele>
      </trkpt>
      <trkpt lat="46.658011" lon="12.295257">
        <ele>1789.25</ele>
      </trkpt>
      <trkpt lat="46.657976" lon="12.295251">
        <ele>1790.75</ele>
      </trkpt>
      <trkpt lat="46.65794" lon="12.295178">
        <ele>1790</ele>
      </trkpt>
      <trkpt lat="46.657924" lon="12.295188">
        <ele>1791.25</ele>
      </trkpt>
      <trkpt lat="46.657906" lon="12.295294">
        <ele>1796</ele>
      </trkpt>
      <trkpt lat="46.657853" lon="12.295231">
        <ele>1796.5</ele>
      </trkpt>
      <trkpt lat="46.657827" lon="12.295332">
        <ele>1801.5</ele>
      </trkpt>
      <trkpt lat="46.657741" lon="12.295336">
        <ele>1806.25</ele>
      </trkpt>
      <trkpt lat="46.657702" lon="12.295318">
        <ele>1807.5</ele>
      </trkpt>
      <trkpt lat="46.657712" lon="12.295248">
        <ele>1804.75</ele>
      </trkpt>
      <trkpt lat="46.657699" lon="12.295221">
        <ele>1804.5</ele>
      </trkpt>
      <trkpt lat="46.657633" lon="12.295274">
        <ele>1809.75</ele>
      </trkpt>
      <trkpt lat="46.657598" lon="12.295318">
        <ele>1813</ele>
      </trkpt>
      <trkpt lat="46.657599" lon="12.29537">
        <ele>1814.75</ele>
      </trkpt>
      <trkpt lat="46.65759" lon="12.295429">
        <ele>1817.25</ele>
      </trkpt>
      <trkpt lat="46.657554" lon="12.295392">
        <ele>1817.75</ele>
      </trkpt>
      <trkpt lat="46.657493" lon="12.295384">
        <ele>1820.5</ele>
      </trkpt>
      <trkpt lat="46.657521" lon="12.295547">
        <ele>1824.5</ele>
      </trkpt>
      <trkpt lat="46.657458" lon="12.295514">
        <ele>1825.75</ele>
      </trkpt>
      <trkpt lat="46.657451" lon="12.295582">
        <ele>1828.25</ele>
      </trkpt>
      <trkpt lat="46.657509" lon="12.295612">
        <ele>1827.25</ele>
      </trkpt>
      <trkpt lat="46.657577" lon="12.295735">
        <ele>1828</ele>
      </trkpt>
      <trkpt lat="46.6573" lon="12.295722">
        <ele>1837</ele>
      </trkpt>
      <trkpt lat="46.65724" lon="12.295825">
        <ele>1841.75</ele>
      </trkpt>
      <trkpt lat="46.657072" lon="12.295864">
        <ele>1848.5</ele>
      </trkpt>
      <trkpt lat="46.656916" lon="12.295861">
        <ele>1852.5</ele>
      </trkpt>
      <trkpt lat="46.656704" lon="12.296027">
        <ele>1867</ele>
      </trkpt>
      <trkpt lat="46.656675" lon="12.296051">
        <ele>1869.25</ele>
      </trkpt>
      <trkpt lat="46.656656" lon="12.296182">
        <ele>1876.25</ele>
      </trkpt>
      <trkpt lat="46.656314" lon="12.296177">
        <ele>1879.5</ele>
      </trkpt>
      <trkpt lat="46.656011" lon="12.296319">
        <ele>1885</ele>
      </trkpt>
      <trkpt lat="46.655981" lon="12.296426">
        <ele>1887</ele>
      </trkpt>
      <trkpt lat="46.655899" lon="12.296493">
        <ele>1887.75</ele>
      </trkpt>
      <trkpt lat="46.655772" lon="12.296515">
        <ele>1890.5</ele>
      </trkpt>
      <trkpt lat="46.655702" lon="12.296447">
        <ele>1893.5</ele>
      </trkpt>
      <trkpt lat="46.655623" lon="12.296318">
        <ele>1896.75</ele>
      </trkpt>
      <trkpt lat="46.655531" lon="12.295972">
        <ele>1899.75</ele>
      </trkpt>
      <trkpt lat="46.655485" lon="12.295864">
        <ele>1902</ele>
      </trkpt>
      <trkpt lat="46.655329" lon="12.295937">
        <ele>1911.5</ele>
      </trkpt>
      <trkpt lat="46.655363" lon="12.296184">
        <ele>1910</ele>
      </trkpt>
      <trkpt lat="46.655243" lon="12.296143">
        <ele>1916.75</ele>
      </trkpt>
      <trkpt lat="46.655219" lon="12.29616">
        <ele>1918</ele>
      </trkpt>
      <trkpt lat="46.655245" lon="12.296251">
        <ele>1916.75</ele>
      </trkpt>
      <trkpt lat="46.655225" lon="12.296281">
        <ele>1917.75</ele>
      </trkpt>
      <trkpt lat="46.655176" lon="12.296231">
        <ele>1920.5</ele>
      </trkpt>
      <trkpt lat="46.65515" lon="12.296265">
        <ele>1921.75</ele>
      </trkpt>
      <trkpt lat="46.655161" lon="12.296338">
        <ele>1921.25</ele>
      </trkpt>
      <trkpt lat="46.655122" lon="12.296314">
        <ele>1923.25</ele>
      </trkpt>
      <trkpt lat="46.655107" lon="12.296325">
        <ele>1924</ele>
      </trkpt>
      <trkpt lat="46.655129" lon="12.29639">
        <ele>1922.75</ele>
      </trkpt>
      <trkpt lat="46.655103" lon="12.296418">
        <ele>1924.25</ele>
      </trkpt>
      <trkpt lat="46.655077" lon="12.296369">
        <ele>1925.5</ele>
      </trkpt>
      <trkpt lat="46.65505" lon="12.296367">
        <ele>1927</ele>
      </trkpt>
      <trkpt lat="46.655032" lon="12.296411">
        <ele>1927.75</ele>
      </trkpt>
      <trkpt lat="46.655053" lon="12.296517">
        <ele>1926.5</ele>
      </trkpt>
      <trkpt lat="46.655004" lon="12.296599">
        <ele>1928.75</ele>
      </trkpt>
      <trkpt lat="46.654935" lon="12.296504">
        <ele>1935</ele>
      </trkpt>
      <trkpt lat="46.654896" lon="12.296468">
        <ele>1938.25</ele>
      </trkpt>
      <trkpt lat="46.654866" lon="12.296508">
        <ele>1940.75</ele>
      </trkpt>
      <trkpt lat="46.654818" lon="12.296597">
        <ele>1945</ele>
      </trkpt>
      <trkpt lat="46.654507" lon="12.296813">
        <ele>1970.5</ele>
      </trkpt>
      <trkpt lat="46.654382" lon="12.296991">
        <ele>1978.25</ele>
      </trkpt>
      <trkpt lat="46.654323" lon="12.297004">
        <ele>1982.5</ele>
      </trkpt>
      <trkpt lat="46.654114" lon="12.297236">
        <ele>1992.5</ele>
      </trkpt>
      <trkpt lat="46.653882" lon="12.297655">
        <ele>1999</ele>
      </trkpt>
      <trkpt lat="46.653675" lon="12.297864">
        <ele>2010.5</ele>
      </trkpt>
      <trkpt lat="46.653606" lon="12.297908">
        <ele>2015</ele>
      </trkpt>
      <trkpt lat="46.653579" lon="12.297783">
        <ele>2017.5</ele>
      </trkpt>
      <trkpt lat="46.65353" lon="12.297667">
        <ele>2021.25</ele>
      </trkpt>
      <trkpt lat="46.653478" lon="12.297687">
        <ele>2024.5</ele>
      </trkpt>
      <trkpt lat="46.653451" lon="12.29776">
        <ele>2026.25</ele>
      </trkpt>
      <trkpt lat="46.653432" lon="12.297904">
        <ele>2027</ele>
      </trkpt>
      <trkpt lat="46.653403" lon="12.297913">
        <ele>2029</ele>
      </trkpt>
      <trkpt lat="46.653303" lon="12.297714">
        <ele>2035.5</ele>
      </trkpt>
      <trkpt lat="46.653288" lon="12.297484">
        <ele>2036.25</ele>
      </trkpt>
      <trkpt lat="46.653244" lon="12.297155">
        <ele>2040.75</ele>
      </trkpt>
      <trkpt lat="46.65316" lon="12.297229">
        <ele>2043.25</ele>
      </trkpt>
      <trkpt lat="46.653097" lon="12.29702">
        <ele>2046.25</ele>
      </trkpt>
      <trkpt lat="46.652941" lon="12.296835">
        <ele>2050.5</ele>
      </trkpt>
      <trkpt lat="46.652955" lon="12.296711">
        <ele>2049.75</ele>
      </trkpt>
      <trkpt lat="46.652781" lon="12.29652">
        <ele>2052.75</ele>
      </trkpt>
      <trkpt lat="46.652738" lon="12.296296">
        <ele>2053.25</ele>
      </trkpt>
      <trkpt lat="46.652661" lon="12.29615">
        <ele>2055</ele>
      </trkpt>
      <trkpt lat="46.652661" lon="12.295903">
        <ele>2054.75</ele>
      </trkpt>
      <trkpt lat="46.652632" lon="12.295874">
        <ele>2055.5</ele>
      </trkpt>
      <trkpt lat="46.652652" lon="12.295634">
        <ele>2057.75</ele>
      </trkpt>
      <trkpt lat="46.652732" lon="12.295467">
        <ele>2057.5</ele>
      </trkpt>
      <trkpt lat="46.652692" lon="12.295182">
        <ele>2062.5</ele>
      </trkpt>
      <trkpt lat="46.652699" lon="12.295001">
        <ele>2064.5</ele>
      </trkpt>
      <trkpt lat="46.652806" lon="12.294719">
        <ele>2065.5</ele>
      </trkpt>
      <trkpt lat="46.652807" lon="12.294646">
        <ele>2067</ele>
      </trkpt>
      <trkpt lat="46.652913" lon="12.294352">
        <ele>2065.5</ele>
      </trkpt>
      <trkpt lat="46.652792" lon="12.294423">
        <ele>2072.75</ele>
      </trkpt>
      <trkpt lat="46.652412" lon="12.294435">
        <ele>2095.75</ele>
      </trkpt>
      <trkpt lat="46.652399" lon="12.294367">
        <ele>2098.25</ele>
      </trkpt>
      <trkpt lat="46.651842" lon="12.294615">
        <ele>2109.5</ele>
      </trkpt>
      <trkpt lat="46.651654" lon="12.294631">
        <ele>2115.75</ele>
      </trkpt>
      <trkpt lat="46.651522" lon="12.29468">
        <ele>2119</ele>
      </trkpt>
      <trkpt lat="46.651364" lon="12.294861">
        <ele>2120.75</ele>
      </trkpt>
      <trkpt lat="46.651195" lon="12.294986">
        <ele>2124.75</ele>
      </trkpt>
      <trkpt lat="46.65111" lon="12.294934">
        <ele>2128.5</ele>
      </trkpt>
      <trkpt lat="46.65103" lon="12.295037">
        <ele>2130.75</ele>
      </trkpt>
      <trkpt lat="46.650445" lon="12.29507">
        <ele>2156.25</ele>
      </trkpt>
      <trkpt lat="46.650364" lon="12.295035">
        <ele>2159.75</ele>
      </trkpt>
      <trkpt lat="46.650309" lon="12.295037">
        <ele>2162.25</ele>
      </trkpt>
      <trkpt lat="46.650216" lon="12.295104">
        <ele>2167.25</ele>
      </trkpt>
      <trkpt lat="46.650141" lon="12.295132">
        <ele>2170.75</ele>
      </trkpt>
      <trkpt lat="46.650056" lon="12.295197">
        <ele>2175.5</ele>
      </trkpt>
      <trkpt lat="46.65005" lon="12.295302">
        <ele>2176.75</ele>
      </trkpt>
      <trkpt lat="46.650084" lon="12.295376">
        <ele>2176</ele>
      </trkpt>
      <trkpt lat="46.650246" lon="12.295408">
        <ele>2169</ele>
      </trkpt>
      <trkpt lat="46.650353" lon="12.295487">
        <ele>2164.75</ele>
      </trkpt>
      <trkpt lat="46.650377" lon="12.295644">
        <ele>2165.25</ele>
      </trkpt>
      <trkpt lat="46.650546" lon="12.296225">
        <ele>2167</ele>
      </trkpt>
      <trkpt lat="46.650531" lon="12.296467">
        <ele>2172.5</ele>
      </trkpt>
      <trkpt lat="46.65054" lon="12.296603">
        <ele>2174.5</ele>
      </trkpt>
      <trkpt lat="46.650508" lon="12.296871">
        <ele>2178.75</ele>
      </trkpt>
      <trkpt lat="46.650511" lon="12.296996">
        <ele>2179</ele>
      </trkpt>
      <trkpt lat="46.650476" lon="12.297022">
        <ele>2181.5</ele>
      </trkpt>
      <trkpt lat="46.650279" lon="12.296749">
        <ele>2192.5</ele>
      </trkpt>
      <trkpt lat="46.650204" lon="12.296555">
        <ele>2193.5</ele>
      </trkpt>
      <trkpt lat="46.649852" lon="12.29605">
        <ele>2202.5</ele>
      </trkpt>
      <trkpt lat="46.649892" lon="12.296515">
        <ele>2211.25</ele>
      </trkpt>
      <trkpt lat="46.64974" lon="12.296296">
        <ele>2216.25</ele>
      </trkpt>
      <trkpt lat="46.649742" lon="12.297019">
        <ele>2226</ele>
      </trkpt>
      <trkpt lat="46.64971" lon="12.297119">
        <ele>2228.25</ele>
      </trkpt>
      <trkpt lat="46.649641" lon="12.297188">
        <ele>2231.75</ele>
      </trkpt>
      <trkpt lat="46.649532" lon="12.297209">
        <ele>2237.25</ele>
      </trkpt>
      <trkpt lat="46.649426" lon="12.297294">
        <ele>2242.25</ele>
      </trkpt>
      <trkpt lat="46.649187" lon="12.297233">
        <ele>2253.5</ele>
      </trkpt>
      <trkpt lat="46.64903" lon="12.297468">
        <ele>2259</ele>
      </trkpt>
      <trkpt lat="46.649008" lon="12.297456">
        <ele>2260</ele>
      </trkpt>
      <trkpt lat="46.648942" lon="12.297179">
        <ele>2263.5</ele>
      </trkpt>
      <trkpt lat="46.648945" lon="12.297072">
        <ele>2263.5</ele>
      </trkpt>
      <trkpt lat="46.64911" lon="12.296679">
        <ele>2259.5</ele>
      </trkpt>
      <trkpt lat="46.649083" lon="12.296595">
        <ele>2260</ele>
      </trkpt>
      <trkpt lat="46.648901" lon="12.296583">
        <ele>2265.5</ele>
      </trkpt>
      <trkpt lat="46.648724" lon="12.296606">
        <ele>2270.75</ele>
      </trkpt>
      <trkpt lat="46.648672" lon="12.296573">
        <ele>2272.25</ele>
      </trkpt>
      <trkpt lat="46.648615" lon="12.296441">
        <ele>2273.25</ele>
      </trkpt>
      <trkpt lat="46.6486" lon="12.296324">
        <ele>2273</ele>
      </trkpt>
      <trkpt lat="46.648579" lon="12.296235">
        <ele>2273</ele>
      </trkpt>
      <trkpt lat="46.648602" lon="12.296013">
        <ele>2271.25</ele>
      </trkpt>
      <trkpt lat="46.648584" lon="12.295949">
        <ele>2271.25</ele>
      </trkpt>
      <trkpt lat="46.64855" lon="12.295903">
        <ele>2272</ele>
      </trkpt>
      <trkpt lat="46.648295" lon="12.295856">
        <ele>2279.5</ele>
      </trkpt>
      <trkpt lat="46.648208" lon="12.295732">
        <ele>2282.25</ele>
      </trkpt>
      <trkpt lat="46.648132" lon="12.295811">
        <ele>2285.25</ele>
      </trkpt>
      <trkpt lat="46.64804" lon="12.295908">
        <ele>2289.25</ele>
      </trkpt>
      <trkpt lat="46.648087" lon="12.296023">
        <ele>2288</ele>
      </trkpt>
      <trkpt lat="46.64808" lon="12.296129">
        <ele>2288.75</ele>
      </trkpt>
      <trkpt lat="46.647988" lon="12.296112">
        <ele>2292</ele>
      </trkpt>
      <trkpt lat="46.647942" lon="12.296087">
        <ele>2293.5</ele>
      </trkpt>
      <trkpt lat="46.647897" lon="12.296216">
        <ele>2295.75</ele>
      </trkpt>
      <trkpt lat="46.647822" lon="12.29632">
        <ele>2298.75</ele>
      </trkpt>
      <trkpt lat="46.647521" lon="12.296284">
        <ele>2309.25</ele>
      </trkpt>
      <trkpt lat="46.647394" lon="12.296451">
        <ele>2315</ele>
      </trkpt>
      <trkpt lat="46.647447" lon="12.296691">
        <ele>2313.25</ele>
      </trkpt>
      <trkpt lat="46.647382" lon="12.296858">
        <ele>2317.25</ele>
      </trkpt>
      <trkpt lat="46.647407" lon="12.297053">
        <ele>2317.75</ele>
      </trkpt>
      <trkpt lat="46.647387" lon="12.297228">
        <ele>2319.75</ele>
      </trkpt>
      <trkpt lat="46.64731" lon="12.297435">
        <ele>2323.75</ele>
      </trkpt>
      <trkpt lat="46.647349" lon="12.297656">
        <ele>2324</ele>
      </trkpt>
      <trkpt lat="46.647256" lon="12.297869">
        <ele>2328.75</ele>
      </trkpt>
      <trkpt lat="46.647258" lon="12.297898">
        <ele>2329</ele>
      </trkpt>
      <trkpt lat="46.647285" lon="12.297932">
        <ele>2328.25</ele>
      </trkpt>
      <trkpt lat="46.647293" lon="12.297979">
        <ele>2328.5</ele>
      </trkpt>
      <trkpt lat="46.647285" lon="12.298021">
        <ele>2329</ele>
      </trkpt>
      <trkpt lat="46.647238" lon="12.298107">
        <ele>2331.25</ele>
      </trkpt>
      <trkpt lat="46.647169" lon="12.298159">
        <ele>2333.75</ele>
      </trkpt>
      <trkpt lat="46.647055" lon="12.298354">
        <ele>2338.75</ele>
      </trkpt>
      <trkpt lat="46.646984" lon="12.298547">
        <ele>2340.5</ele>
      </trkpt>
      <trkpt lat="46.647025" lon="12.298843">
        <ele>2338</ele>
      </trkpt>
      <trkpt lat="46.646965" lon="12.298965">
        <ele>2340</ele>
      </trkpt>
      <trkpt lat="46.646863" lon="12.298975">
        <ele>2344.25</ele>
      </trkpt>
      <trkpt lat="46.646809" lon="12.299062">
        <ele>2346.5</ele>
      </trkpt>
      <trkpt lat="46.646764" lon="12.299015">
        <ele>2348.5</ele>
      </trkpt>
      <trkpt lat="46.646639" lon="12.299149">
        <ele>2354</ele>
      </trkpt>
      <trkpt lat="46.646553" lon="12.299264">
        <ele>2356.75</ele>
      </trkpt>
      <trkpt lat="46.646376" lon="12.299504">
        <ele>2363</ele>
      </trkpt>
      <trkpt lat="46.646272" lon="12.29953">
        <ele>2367</ele>
      </trkpt>
      <trkpt lat="46.64616" lon="12.299536">
        <ele>2371.25</ele>
      </trkpt>
      <trkpt lat="46.646164" lon="12.299121">
        <ele>2373.75</ele>
      </trkpt>
      <trkpt lat="46.646009" lon="12.298992">
        <ele>2379.25</ele>
      </trkpt>
      <trkpt lat="46.645923" lon="12.298909">
        <ele>2382</ele>
      </trkpt>
      <trkpt lat="46.645872" lon="12.298811">
        <ele>2383.25</ele>
      </trkpt>
      <trkpt lat="46.6458" lon="12.298835">
        <ele>2386</ele>
      </trkpt>
      <trkpt lat="46.645758" lon="12.298945">
        <ele>2387.75</ele>
      </trkpt>
      <trkpt lat="46.645224" lon="12.299629">
        <ele>2399.25</ele>
      </trkpt>
      <trkpt lat="46.644913" lon="12.299921">
        <ele>2406</ele>
      </trkpt>
      <trkpt lat="46.644724" lon="12.300198">
        <ele>2409</ele>
      </trkpt>
      <trkpt lat="46.644584" lon="12.300341">
        <ele>2411.5</ele>
      </trkpt>
      <trkpt lat="46.644488" lon="12.30052">
        <ele>2414.25</ele>
      </trkpt>
      <trkpt lat="46.64416" lon="12.300716">
        <ele>2420.75</ele>
      </trkpt>
      <trkpt lat="46.644131" lon="12.300853">
        <ele>2423</ele>
      </trkpt>
      <trkpt lat="46.644165" lon="12.300912">
        <ele>2424.75</ele>
      </trkpt>
      <trkpt lat="46.644071" lon="12.301079">
        <ele>2431.25</ele>
      </trkpt>
      <trkpt lat="46.643815" lon="12.301193">
        <ele>2437.25</ele>
      </trkpt>
      <trkpt lat="46.643789" lon="12.301225">
        <ele>2438.25</ele>
      </trkpt>
      <trkpt lat="46.643801" lon="12.301301">
        <ele>2440.5</ele>
      </trkpt>
      <trkpt lat="46.643717" lon="12.301342">
        <ele>2442.25</ele>
      </trkpt>
      <trkpt lat="46.64366" lon="12.301396">
        <ele>2444</ele>
      </trkpt>
      <trkpt lat="46.643556" lon="12.301539">
        <ele>2448.25</ele>
      </trkpt>
      <trkpt lat="46.643608" lon="12.301613">
        <ele>2450</ele>
      </trkpt>
      <trkpt lat="46.643506" lon="12.301854">
        <ele>2454.25</ele>
      </trkpt>
      <trkpt lat="46.643432" lon="12.301938">
        <ele>2455.5</ele>
      </trkpt>
      <trkpt lat="46.643376" lon="12.302079">
        <ele>2457.75</ele>
      </trkpt>
      <trkpt lat="46.643288" lon="12.302182">
        <ele>2459.5</ele>
      </trkpt>
      <trkpt lat="46.643212" lon="12.302369">
        <ele>2463</ele>
      </trkpt>
      <trkpt lat="46.643164" lon="12.302607">
        <ele>2464.75</ele>
      </trkpt>
      <trkpt lat="46.643074" lon="12.302825">
        <ele>2464.25</ele>
      </trkpt>
      <trkpt lat="46.643061" lon="12.302986">
        <ele>2463.5</ele>
      </trkpt>
      <trkpt lat="46.643064" lon="12.303128">
        <ele>2462.75</ele>
      </trkpt>
      <trkpt lat="46.642931" lon="12.303344">
        <ele>2463.5</ele>
      </trkpt>
      <trkpt lat="46.642905" lon="12.303437">
        <ele>2462.75</ele>
      </trkpt>
      <trkpt lat="46.642862" lon="12.303498">
        <ele>2462.5</ele>
      </trkpt>
      <trkpt lat="46.642745" lon="12.303627">
        <ele>2462.75</ele>
      </trkpt>
      <trkpt lat="46.642628" lon="12.30377">
        <ele>2462.75</ele>
      </trkpt>
      <trkpt lat="46.642598" lon="12.303808">
        <ele>2462.75</ele>
      </trkpt>
      <trkpt lat="46.642545" lon="12.303964">
        <ele>2461.75</ele>
      </trkpt>
      <trkpt lat="46.642553" lon="12.304112">
        <ele>2459.75</ele>
      </trkpt>
      <trkpt lat="46.642517" lon="12.30424">
        <ele>2459.5</ele>
      </trkpt>
      <trkpt lat="46.642249" lon="12.304684">
        <ele>2458.75</ele>
      </trkpt>
      <trkpt lat="46.642156" lon="12.304914">
        <ele>2457.5</ele>
      </trkpt>
      <trkpt lat="46.642058" lon="12.30508">
        <ele>2458</ele>
      </trkpt>
      <trkpt lat="46.641984" lon="12.305137">
        <ele>2458.25</ele>
      </trkpt>
      <trkpt lat="46.641923" lon="12.305284">
        <ele>2459.75</ele>
      </trkpt>
      <trkpt lat="46.641852" lon="12.305321">
        <ele>2459.25</ele>
      </trkpt>
      <trkpt lat="46.641682" lon="12.305388">
        <ele>2457.5</ele>
      </trkpt>
      <trkpt lat="46.641571" lon="12.305385">
        <ele>2454.25</ele>
      </trkpt>
      <trkpt lat="46.641423" lon="12.305356">
        <ele>2449.75</ele>
      </trkpt>
      <trkpt lat="46.641334" lon="12.305418">
        <ele>2447.25</ele>
      </trkpt>
      <trkpt lat="46.641272" lon="12.305418">
        <ele>2445.25</ele>
      </trkpt>
      <trkpt lat="46.641208" lon="12.3055">
        <ele>2443</ele>
      </trkpt>
      <trkpt lat="46.641141" lon="12.305675">
        <ele>2440</ele>
      </trkpt>
      <trkpt lat="46.641009" lon="12.305819">
        <ele>2434</ele>
      </trkpt>
      <trkpt lat="46.640963" lon="12.305789">
        <ele>2432.5</ele>
      </trkpt>
      <trkpt lat="46.640801" lon="12.305913">
        <ele>2427.5</ele>
      </trkpt>
      <trkpt lat="46.640578" lon="12.306133">
        <ele>2425</ele>
      </trkpt>
      <trkpt lat="46.64043" lon="12.306341">
        <ele>2425</ele>
      </trkpt>
      <trkpt lat="46.640095" lon="12.306517">
        <ele>2418.5</ele>
      </trkpt>
      <trkpt lat="46.639598" lon="12.306552">
        <ele>2409.25</ele>
      </trkpt>
      <trkpt lat="46.639461" lon="12.30657">
        <ele>2407.5</ele>
      </trkpt>
      <trkpt lat="46.63933" lon="12.306654">
        <ele>2407.25</ele>
      </trkpt>
      <trkpt lat="46.639282" lon="12.30666">
        <ele>2406.75</ele>
      </trkpt>
      <trkpt lat="46.639023" lon="12.306618">
        <ele>2402.25</ele>
      </trkpt>
      <trkpt lat="46.638737" lon="12.306487">
        <ele>2395.5</ele>
      </trkpt>
      <trkpt lat="46.638227" lon="12.306785">
        <ele>2398.5</ele>
      </trkpt>
      <trkpt lat="46.638136" lon="12.306917">
        <ele>2400.75</ele>
      </trkpt>
      <trkpt lat="46.637938" lon="12.307072">
        <ele>2400.75</ele>
      </trkpt>
      <trkpt lat="46.637773" lon="12.307313">
        <ele>2402.75</ele>
      </trkpt>
      <trkpt lat="46.637722" lon="12.307361">
        <ele>2402.5</ele>
      </trkpt>
      <trkpt lat="46.637614" lon="12.307465">
        <ele>2402.25</ele>
      </trkpt>
      <trkpt lat="46.637503" lon="12.307639">
        <ele>2402</ele>
      </trkpt>
      <trkpt lat="46.63744" lon="12.307818">
        <ele>2403.5</ele>
      </trkpt>
      <trkpt lat="46.637344" lon="12.308153">
        <ele>2406.5</ele>
      </trkpt>
      <trkpt lat="46.637362" lon="12.30839">
        <ele>2410</ele>
      </trkpt>
      <trkpt lat="46.637309" lon="12.308592">
        <ele>2410.25</ele>
      </trkpt>
      <trkpt lat="46.637341" lon="12.309014">
        <ele>2414</ele>
      </trkpt>
      <trkpt lat="46.637322" lon="12.309192">
        <ele>2414.5</ele>
      </trkpt>
      <trkpt lat="46.637305" lon="12.30935">
        <ele>2414</ele>
      </trkpt>
      <trkpt lat="46.637222" lon="12.309878">
        <ele>2411</ele>
      </trkpt>
      <trkpt lat="46.637112" lon="12.310228">
        <ele>2405.5</ele>
      </trkpt>
      <trkpt lat="46.637071" lon="12.310324">
        <ele>2403.75</ele>
      </trkpt>
      <trkpt lat="46.637103" lon="12.310422">
        <ele>2403</ele>
      </trkpt>
      <trkpt lat="46.637054" lon="12.310593">
        <ele>2400.75</ele>
      </trkpt>
      <trkpt lat="46.636981" lon="12.31074">
        <ele>2398.5</ele>
      </trkpt>
      <trkpt lat="46.63698" lon="12.310741">
        <ele>2398.25</ele>
      </trkpt>
      <trkpt lat="46.636902" lon="12.310839">
        <ele>2397.25</ele>
      </trkpt>
      <trkpt lat="46.636779" lon="12.310924">
        <ele>2395.75</ele>
      </trkpt>
      <trkpt lat="46.636698" lon="12.310969">
        <ele>2395</ele>
      </trkpt>
      <trkpt lat="46.636557" lon="12.311107">
        <ele>2393.25</ele>
      </trkpt>
      <trkpt lat="46.636532" lon="12.311114">
        <ele>2393</ele>
      </trkpt>
      <trkpt lat="46.636518" lon="12.311079">
        <ele>2393</ele>
      </trkpt>
      <trkpt lat="46.636554" lon="12.310956">
        <ele>2393.75</ele>
      </trkpt>
      <trkpt lat="46.636552" lon="12.310914">
        <ele>2394</ele>
      </trkpt>
      <trkpt lat="46.636529" lon="12.310909">
        <ele>2393.75</ele>
      </trkpt>
      <trkpt lat="46.636445" lon="12.310972">
        <ele>2392.75</ele>
      </trkpt>
      <trkpt lat="46.636315" lon="12.31111">
        <ele>2391.75</ele>
      </trkpt>
      <trkpt lat="46.636237" lon="12.311119">
        <ele>2391.25</ele>
      </trkpt>
      <trkpt lat="46.636097" lon="12.311094">
        <ele>2390.25</ele>
      </trkpt>
      <trkpt lat="46.63586" lon="12.311032">
        <ele>2388</ele>
      </trkpt>
      <trkpt lat="46.635788" lon="12.311029">
        <ele>2386.25</ele>
      </trkpt>
      <trkpt lat="46.635596" lon="12.311064">
        <ele>2380.5</ele>
      </trkpt>
      <trkpt lat="46.635579" lon="12.311043">
        <ele>2379.75</ele>
      </trkpt>
      <trkpt lat="46.635569" lon="12.310977">
        <ele>2378</ele>
      </trkpt>
      <trkpt lat="46.635553" lon="12.310954">
        <ele>2377</ele>
      </trkpt>
      <trkpt lat="46.635529" lon="12.310964">
        <ele>2376.5</ele>
      </trkpt>
      <trkpt lat="46.635425" lon="12.311083">
        <ele>2375.5</ele>
      </trkpt>
      <trkpt lat="46.635312" lon="12.311184">
        <ele>2374.25</ele>
      </trkpt>
      <trkpt lat="46.635294" lon="12.311184">
        <ele>2373.75</ele>
      </trkpt>
      <trkpt lat="46.635285" lon="12.311156">
        <ele>2372.75</ele>
      </trkpt>
      <trkpt lat="46.63529" lon="12.311105">
        <ele>2371.75</ele>
      </trkpt>
      <trkpt lat="46.635283" lon="12.31105">
        <ele>2370.25</ele>
      </trkpt>
      <trkpt lat="46.635273" lon="12.311032">
        <ele>2369.5</ele>
      </trkpt>
      <trkpt lat="46.635257" lon="12.311035">
        <ele>2369</ele>
      </trkpt>
      <trkpt lat="46.635184" lon="12.31115">
        <ele>2369.5</ele>
      </trkpt>
      <trkpt lat="46.635167" lon="12.311183">
        <ele>2370</ele>
      </trkpt>
      <trkpt lat="46.635147" lon="12.311258">
        <ele>2371.25</ele>
      </trkpt>
      <trkpt lat="46.635134" lon="12.311265">
        <ele>2371</ele>
      </trkpt>
      <trkpt lat="46.635129" lon="12.311242">
        <ele>2370.25</ele>
      </trkpt>
      <trkpt lat="46.635134" lon="12.311157">
        <ele>2368.25</ele>
      </trkpt>
      <trkpt lat="46.635123" lon="12.311134">
        <ele>2367.25</ele>
      </trkpt>
      <trkpt lat="46.635104" lon="12.311141">
        <ele>2367</ele>
      </trkpt>
      <trkpt lat="46.635084" lon="12.311182">
        <ele>2367.5</ele>
      </trkpt>
      <trkpt lat="46.635032" lon="12.311241">
        <ele>2367.5</ele>
      </trkpt>
      <trkpt lat="46.635006" lon="12.311241">
        <ele>2366.75</ele>
      </trkpt>
      <trkpt lat="46.634945" lon="12.311299">
        <ele>2366.5</ele>
      </trkpt>
      <trkpt lat="46.634903" lon="12.311322">
        <ele>2365.5</ele>
      </trkpt>
      <trkpt lat="46.634857" lon="12.311361">
        <ele>2365.25</ele>
      </trkpt>
      <trkpt lat="46.634787" lon="12.311445">
        <ele>2365.25</ele>
      </trkpt>
      <trkpt lat="46.634709" lon="12.311507">
        <ele>2364.25</ele>
      </trkpt>
      <trkpt lat="46.634732" lon="12.311444">
        <ele>2363.25</ele>
      </trkpt>
      <trkpt lat="46.634906" lon="12.310988">
        <ele>2356.25</ele>
      </trkpt>
      <trkpt lat="46.634776" lon="12.311122">
        <ele>2355.5</ele>
      </trkpt>
      <trkpt lat="46.634726" lon="12.311152">
        <ele>2354.75</ele>
      </trkpt>
      <trkpt lat="46.634691" lon="12.311077">
        <ele>2351.5</ele>
      </trkpt>
      <trkpt lat="46.634648" lon="12.310776">
        <ele>2342.25</ele>
      </trkpt>
      <trkpt lat="46.634601" lon="12.310685">
        <ele>2339.25</ele>
      </trkpt>
      <trkpt lat="46.63457" lon="12.310553">
        <ele>2336.25</ele>
      </trkpt>
      <trkpt lat="46.634548" lon="12.310368">
        <ele>2332.75</ele>
      </trkpt>
      <trkpt lat="46.634547" lon="12.310105">
        <ele>2328.75</ele>
      </trkpt>
      <trkpt lat="46.634568" lon="12.309958">
        <ele>2327.5</ele>
      </trkpt>
      <trkpt lat="46.634614" lon="12.309794">
        <ele>2328</ele>
      </trkpt>
      <trkpt lat="46.634621" lon="12.309639">
        <ele>2327</ele>
      </trkpt>
      <trkpt lat="46.634636" lon="12.309533">
        <ele>2326.5</ele>
      </trkpt>
      <trkpt lat="46.634664" lon="12.309481">
        <ele>2327</ele>
      </trkpt>
      <trkpt lat="46.634686" lon="12.309417">
        <ele>2327.25</ele>
      </trkpt>
      <trkpt lat="46.634685" lon="12.309341">
        <ele>2326.5</ele>
      </trkpt>
      <trkpt lat="46.634634" lon="12.309119">
        <ele>2323.5</ele>
      </trkpt>
      <trkpt lat="46.634625" lon="12.308869">
        <ele>2322.5</ele>
      </trkpt>
      <trkpt lat="46.634625" lon="12.308717">
        <ele>2322</ele>
      </trkpt>
      <trkpt lat="46.634612" lon="12.308497">
        <ele>2320.75</ele>
      </trkpt>
      <trkpt lat="46.634581" lon="12.308342">
        <ele>2319.25</ele>
      </trkpt>
      <trkpt lat="46.634588" lon="12.308135">
        <ele>2315.75</ele>
      </trkpt>
      <trkpt lat="46.634603" lon="12.308051">
        <ele>2314.5</ele>
      </trkpt>
      <trkpt lat="46.63469" lon="12.30803">
        <ele>2316.75</ele>
      </trkpt>
      <trkpt lat="46.634785" lon="12.307927">
        <ele>2317.75</ele>
      </trkpt>
      <trkpt lat="46.634839" lon="12.307751">
        <ele>2316.25</ele>
      </trkpt>
      <trkpt lat="46.634831" lon="12.307471">
        <ele>2310.5</ele>
      </trkpt>
      <trkpt lat="46.634921" lon="12.30711">
        <ele>2303.5</ele>
      </trkpt>
      <trkpt lat="46.634953" lon="12.3068">
        <ele>2296.5</ele>
      </trkpt>
      <trkpt lat="46.634893" lon="12.306833">
        <ele>2294.75</ele>
      </trkpt>
      <trkpt lat="46.63469" lon="12.306975">
        <ele>2290.5</ele>
      </trkpt>
      <trkpt lat="46.634672" lon="12.306922">
        <ele>2288.25</ele>
      </trkpt>
      <trkpt lat="46.634683" lon="12.306848">
        <ele>2286.25</ele>
      </trkpt>
      <trkpt lat="46.634703" lon="12.306727">
        <ele>2283.5</ele>
      </trkpt>
      <trkpt lat="46.6347" lon="12.306534">
        <ele>2278.75</ele>
      </trkpt>
      <trkpt lat="46.634686" lon="12.306387">
        <ele>2274.75</ele>
      </trkpt>
      <trkpt lat="46.634635" lon="12.306199">
        <ele>2267.75</ele>
      </trkpt>
      <trkpt lat="46.634604" lon="12.30622">
        <ele>2266.5</ele>
      </trkpt>
      <trkpt lat="46.63452" lon="12.306468">
        <ele>2268.25</ele>
      </trkpt>
      <trkpt lat="46.634369" lon="12.306594">
        <ele>2264.5</ele>
      </trkpt>
      <trkpt lat="46.634195" lon="12.306784">
        <ele>2263.5</ele>
      </trkpt>
      <trkpt lat="46.633986" lon="12.306816">
        <ele>2260.5</ele>
      </trkpt>
      <trkpt lat="46.634138" lon="12.306553">
        <ele>2253.25</ele>
      </trkpt>
      <trkpt lat="46.634183" lon="12.306417">
        <ele>2249.75</ele>
      </trkpt>
      <trkpt lat="46.634209" lon="12.306281">
        <ele>2246.25</ele>
      </trkpt>
      <trkpt lat="46.634174" lon="12.306255">
        <ele>2243.5</ele>
      </trkpt>
      <trkpt lat="46.634119" lon="12.306317">
        <ele>2244.5</ele>
      </trkpt>
      <trkpt lat="46.634075" lon="12.306396">
        <ele>2246.5</ele>
      </trkpt>
      <trkpt lat="46.634017" lon="12.306474">
        <ele>2248.25</ele>
      </trkpt>
      <trkpt lat="46.633923" lon="12.306481">
        <ele>2246.75</ele>
      </trkpt>
      <trkpt lat="46.633814" lon="12.306443">
        <ele>2243.5</ele>
      </trkpt>
      <trkpt lat="46.633703" lon="12.306392">
        <ele>2239.75</ele>
      </trkpt>
      <trkpt lat="46.633693" lon="12.306361">
        <ele>2238.5</ele>
      </trkpt>
      <trkpt lat="46.633761" lon="12.306357">
        <ele>2239.75</ele>
      </trkpt>
      <trkpt lat="46.633833" lon="12.306291">
        <ele>2238.75</ele>
      </trkpt>
      <trkpt lat="46.6339" lon="12.306161">
        <ele>2235.25</ele>
      </trkpt>
      <trkpt lat="46.634033" lon="12.305987">
        <ele>2231.25</ele>
      </trkpt>
      <trkpt lat="46.634056" lon="12.30584">
        <ele>2226.5</ele>
      </trkpt>
      <trkpt lat="46.634086" lon="12.305696">
        <ele>2221.75</ele>
      </trkpt>
      <trkpt lat="46.633819" lon="12.305705">
        <ele>2219.25</ele>
      </trkpt>
      <trkpt lat="46.63379" lon="12.305609">
        <ele>2216.25</ele>
      </trkpt>
      <trkpt lat="46.633743" lon="12.305493">
        <ele>2212.75</ele>
      </trkpt>
      <trkpt lat="46.633742" lon="12.305381">
        <ele>2209.75</ele>
      </trkpt>
      <trkpt lat="46.633756" lon="12.305305">
        <ele>2207.5</ele>
      </trkpt>
      <trkpt lat="46.633733" lon="12.30517">
        <ele>2204</ele>
      </trkpt>
      <trkpt lat="46.633706" lon="12.305068">
        <ele>2201.5</ele>
      </trkpt>
      <trkpt lat="46.633709" lon="12.30491">
        <ele>2197.75</ele>
      </trkpt>
      <trkpt lat="46.633698" lon="12.304834">
        <ele>2196.25</ele>
      </trkpt>
      <trkpt lat="46.633667" lon="12.304765">
        <ele>2194.75</ele>
      </trkpt>
      <trkpt lat="46.633662" lon="12.304729">
        <ele>2194</ele>
      </trkpt>
      <trkpt lat="46.633578" lon="12.304587">
        <ele>2191.25</ele>
      </trkpt>
      <trkpt lat="46.633531" lon="12.30456">
        <ele>2190.75</ele>
      </trkpt>
      <trkpt lat="46.633518" lon="12.304547">
        <ele>2190.25</ele>
      </trkpt>
      <trkpt lat="46.633497" lon="12.304524">
        <ele>2190</ele>
      </trkpt>
      <trkpt lat="46.633459" lon="12.304434">
        <ele>2188</ele>
      </trkpt>
      <trkpt lat="46.633411" lon="12.304391">
        <ele>2187.25</ele>
      </trkpt>
      <trkpt lat="46.633247" lon="12.30414">
        <ele>2182.5</ele>
      </trkpt>
      <trkpt lat="46.633159" lon="12.304047">
        <ele>2183</ele>
      </trkpt>
      <trkpt lat="46.633076" lon="12.303984">
        <ele>2183.25</ele>
      </trkpt>
      <trkpt lat="46.632984" lon="12.303972">
        <ele>2184</ele>
      </trkpt>
      <trkpt lat="46.632894" lon="12.303925">
        <ele>2184.25</ele>
      </trkpt>
      <trkpt lat="46.632751" lon="12.303922">
        <ele>2185.25</ele>
      </trkpt>
      <trkpt lat="46.632684" lon="12.303878">
        <ele>2185.25</ele>
      </trkpt>
      <trkpt lat="46.632142" lon="12.303958">
        <ele>2183.75</ele>
      </trkpt>
      <trkpt lat="46.631944" lon="12.304043">
        <ele>2182.75</ele>
      </trkpt>
      <trkpt lat="46.631905" lon="12.304043">
        <ele>2182.25</ele>
      </trkpt>
      <trkpt lat="46.63177" lon="12.304182">
        <ele>2182.5</ele>
      </trkpt>
      <trkpt lat="46.631711" lon="12.304224">
        <ele>2183</ele>
      </trkpt>
      <trkpt lat="46.631641" lon="12.304229">
        <ele>2182.5</ele>
      </trkpt>
      <trkpt lat="46.631478" lon="12.304205">
        <ele>2179.5</ele>
      </trkpt>
      <trkpt lat="46.631168" lon="12.304193">
        <ele>2175.5</ele>
      </trkpt>
      <trkpt lat="46.631063" lon="12.304215">
        <ele>2174.5</ele>
      </trkpt>
      <trkpt lat="46.630779" lon="12.303911">
        <ele>2171.75</ele>
      </trkpt>
      <trkpt lat="46.630548" lon="12.303597">
        <ele>2179.5</ele>
      </trkpt>
      <trkpt lat="46.630409" lon="12.303363">
        <ele>2186.5</ele>
      </trkpt>
      <trkpt lat="46.630378" lon="12.303269">
        <ele>2188.25</ele>
      </trkpt>
      <trkpt lat="46.63036" lon="12.303165">
        <ele>2189.25</ele>
      </trkpt>
      <trkpt lat="46.630348" lon="12.302974">
        <ele>2190.5</ele>
      </trkpt>
      <trkpt lat="46.630369" lon="12.302713">
        <ele>2190.25</ele>
      </trkpt>
      <trkpt lat="46.630339" lon="12.302464">
        <ele>2192.5</ele>
      </trkpt>
      <trkpt lat="46.630283" lon="12.302225">
        <ele>2196.5</ele>
      </trkpt>
      <trkpt lat="46.63027" lon="12.302191">
        <ele>2197.25</ele>
      </trkpt>
      <trkpt lat="46.630186" lon="12.301954">
        <ele>2203.25</ele>
      </trkpt>
      <trkpt lat="46.63012" lon="12.301671">
        <ele>2208.25</ele>
      </trkpt>
      <trkpt lat="46.630111" lon="12.301498">
        <ele>2212</ele>
      </trkpt>
      <trkpt lat="46.630137" lon="12.300888">
        <ele>2222</ele>
      </trkpt>
      <trkpt lat="46.630153" lon="12.300173">
        <ele>2229.5</ele>
      </trkpt>
      <trkpt lat="46.630137" lon="12.300034">
        <ele>2232.25</ele>
      </trkpt>
      <trkpt lat="46.630052" lon="12.299638">
        <ele>2242</ele>
      </trkpt>
      <trkpt lat="46.629925" lon="12.299275">
        <ele>2252.25</ele>
      </trkpt>
      <trkpt lat="46.629914" lon="12.299162">
        <ele>2253.5</ele>
      </trkpt>
      <trkpt lat="46.629925" lon="12.299053">
        <ele>2253.25</ele>
      </trkpt>
      <trkpt lat="46.629993" lon="12.29875">
        <ele>2251.25</ele>
      </trkpt>
      <trkpt lat="46.629984" lon="12.298601">
        <ele>2251.75</ele>
      </trkpt>
      <trkpt lat="46.629941" lon="12.298446">
        <ele>2253.75</ele>
      </trkpt>
      <trkpt lat="46.629884" lon="12.298286">
        <ele>2255.5</ele>
      </trkpt>
      <trkpt lat="46.629847" lon="12.298156">
        <ele>2255.5</ele>
      </trkpt>
      <trkpt lat="46.629856" lon="12.297711">
        <ele>2251</ele>
      </trkpt>
      <trkpt lat="46.629808" lon="12.297487">
        <ele>2250.75</ele>
      </trkpt>
      <trkpt lat="46.629746" lon="12.297354">
        <ele>2251.75</ele>
      </trkpt>
      <trkpt lat="46.629669" lon="12.29729">
        <ele>2254.25</ele>
      </trkpt>
      <trkpt lat="46.629636" lon="12.297226">
        <ele>2255</ele>
      </trkpt>
      <trkpt lat="46.62959" lon="12.29711">
        <ele>2255.75</ele>
      </trkpt>
      <trkpt lat="46.629549" lon="12.296974">
        <ele>2256</ele>
      </trkpt>
      <trkpt lat="46.629526" lon="12.29681">
        <ele>2255</ele>
      </trkpt>
      <trkpt lat="46.629442" lon="12.296614">
        <ele>2257.25</ele>
      </trkpt>
      <trkpt lat="46.629391" lon="12.296252">
        <ele>2259.25</ele>
      </trkpt>
      <trkpt lat="46.629346" lon="12.296136">
        <ele>2261</ele>
      </trkpt>
      <trkpt lat="46.629207" lon="12.295906">
        <ele>2265.75</ele>
      </trkpt>
      <trkpt lat="46.629137" lon="12.295764">
        <ele>2267</ele>
      </trkpt>
      <trkpt lat="46.629032" lon="12.295622">
        <ele>2268</ele>
      </trkpt>
      <trkpt lat="46.628993" lon="12.295506">
        <ele>2268</ele>
      </trkpt>
      <trkpt lat="46.629008" lon="12.29541">
        <ele>2267.5</ele>
      </trkpt>
      <trkpt lat="46.628993" lon="12.295317">
        <ele>2267.25</ele>
      </trkpt>
      <trkpt lat="46.628967" lon="12.295225">
        <ele>2267</ele>
      </trkpt>
      <trkpt lat="46.629" lon="12.29509">
        <ele>2266.25</ele>
      </trkpt>
      <trkpt lat="46.628976" lon="12.295005">
        <ele>2266</ele>
      </trkpt>
      <trkpt lat="46.628766" lon="12.294666">
        <ele>2265</ele>
      </trkpt>
      <trkpt lat="46.628488" lon="12.294374">
        <ele>2265</ele>
      </trkpt>
      <trkpt lat="46.628357" lon="12.294329">
        <ele>2265.75</ele>
      </trkpt>
      <trkpt lat="46.628122" lon="12.294268">
        <ele>2264.5</ele>
      </trkpt>
      <trkpt lat="46.62793" lon="12.294031">
        <ele>2261.75</ele>
      </trkpt>
      <trkpt lat="46.62785" lon="12.293699">
        <ele>2258.5</ele>
      </trkpt>
      <trkpt lat="46.627749" lon="12.293582">
        <ele>2257</ele>
      </trkpt>
      <trkpt lat="46.627705" lon="12.293463">
        <ele>2255.75</ele>
      </trkpt>
      <trkpt lat="46.627703" lon="12.293355">
        <ele>2254.75</ele>
      </trkpt>
      <trkpt lat="46.627648" lon="12.293239">
        <ele>2253.25</ele>
      </trkpt>
      <trkpt lat="46.62763" lon="12.293146">
        <ele>2252.25</ele>
      </trkpt>
      <trkpt lat="46.627534" lon="12.29302">
        <ele>2250.75</ele>
      </trkpt>
      <trkpt lat="46.627479" lon="12.292911">
        <ele>2249.5</ele>
      </trkpt>
      <trkpt lat="46.627478" lon="12.29291">
        <ele>2249.5</ele>
      </trkpt>
      <trkpt lat="46.627403" lon="12.29276">
        <ele>2248.25</ele>
      </trkpt>
      <trkpt lat="46.62737" lon="12.292636">
        <ele>2246.75</ele>
      </trkpt>
      <trkpt lat="46.62729" lon="12.292541">
        <ele>2245.75</ele>
      </trkpt>
      <trkpt lat="46.627186" lon="12.292497">
        <ele>2245</ele>
      </trkpt>
      <trkpt lat="46.627127" lon="12.292502">
        <ele>2245</ele>
      </trkpt>
      <trkpt lat="46.627048" lon="12.292478">
        <ele>2244.5</ele>
      </trkpt>
      <trkpt lat="46.627009" lon="12.292435">
        <ele>2243.75</ele>
      </trkpt>
      <trkpt lat="46.626983" lon="12.292341">
        <ele>2242.25</ele>
      </trkpt>
      <trkpt lat="46.626943" lon="12.292325">
        <ele>2242</ele>
      </trkpt>
      <trkpt lat="46.626882" lon="12.292154">
        <ele>2239.75</ele>
      </trkpt>
      <trkpt lat="46.626869" lon="12.292046">
        <ele>2238.25</ele>
      </trkpt>
      <trkpt lat="46.626841" lon="12.291939">
        <ele>2237</ele>
      </trkpt>
      <trkpt lat="46.626808" lon="12.291867">
        <ele>2236.25</ele>
      </trkpt>
      <trkpt lat="46.626744" lon="12.291842">
        <ele>2236.25</ele>
      </trkpt>
      <trkpt lat="46.626676" lon="12.291671">
        <ele>2234.75</ele>
      </trkpt>
      <trkpt lat="46.626569" lon="12.29155">
        <ele>2234.25</ele>
      </trkpt>
      <trkpt lat="46.626484" lon="12.291413">
        <ele>2233.25</ele>
      </trkpt>
      <trkpt lat="46.626378" lon="12.291321">
        <ele>2233</ele>
      </trkpt>
      <trkpt lat="46.626296" lon="12.291188">
        <ele>2232.25</ele>
      </trkpt>
      <trkpt lat="46.626215" lon="12.291113">
        <ele>2232.25</ele>
      </trkpt>
      <trkpt lat="46.626114" lon="12.290968">
        <ele>2231.5</ele>
      </trkpt>
      <trkpt lat="46.626071" lon="12.290869">
        <ele>2231</ele>
      </trkpt>
      <trkpt lat="46.626001" lon="12.290802">
        <ele>2231.25</ele>
      </trkpt>
      <trkpt lat="46.625919" lon="12.290756">
        <ele>2231.75</ele>
      </trkpt>
      <trkpt lat="46.625913" lon="12.290689">
        <ele>2231.5</ele>
      </trkpt>
      <trkpt lat="46.625869" lon="12.290654">
        <ele>2231.75</ele>
      </trkpt>
      <trkpt lat="46.62583" lon="12.290579">
        <ele>2232</ele>
      </trkpt>
      <trkpt lat="46.625762" lon="12.290528">
        <ele>2232.75</ele>
      </trkpt>
      <trkpt lat="46.625754" lon="12.290528">
        <ele>2232.75</ele>
      </trkpt>
      <trkpt lat="46.625718" lon="12.29053">
        <ele>2233.25</ele>
      </trkpt>
      <trkpt lat="46.625626" lon="12.290552">
        <ele>2234.5</ele>
      </trkpt>
      <trkpt lat="46.625548" lon="12.290504">
        <ele>2235.5</ele>
      </trkpt>
      <trkpt lat="46.625517" lon="12.290453">
        <ele>2236</ele>
      </trkpt>
      <trkpt lat="46.625458" lon="12.290441">
        <ele>2236.75</ele>
      </trkpt>
      <trkpt lat="46.625412" lon="12.290402">
        <ele>2237.5</ele>
      </trkpt>
      <trkpt lat="46.62523" lon="12.290322">
        <ele>2240.5</ele>
      </trkpt>
      <trkpt lat="46.625163" lon="12.290255">
        <ele>2241.75</ele>
      </trkpt>
      <trkpt lat="46.625071" lon="12.290191">
        <ele>2243.5</ele>
      </trkpt>
      <trkpt lat="46.624857" lon="12.290165">
        <ele>2246</ele>
      </trkpt>
      <trkpt lat="46.624777" lon="12.290194">
        <ele>2246.5</ele>
      </trkpt>
      <trkpt lat="46.624699" lon="12.290183">
        <ele>2247</ele>
      </trkpt>
      <trkpt lat="46.624679" lon="12.290142">
        <ele>2247.5</ele>
      </trkpt>
      <trkpt lat="46.624669" lon="12.290089">
        <ele>2247.75</ele>
      </trkpt>
      <trkpt lat="46.624655" lon="12.29001">
        <ele>2248.25</ele>
      </trkpt>
      <trkpt lat="46.624577" lon="12.28991">
        <ele>2250.25</ele>
      </trkpt>
      <trkpt lat="46.62443" lon="12.28985">
        <ele>2252.5</ele>
      </trkpt>
      <trkpt lat="46.624267" lon="12.289823">
        <ele>2254</ele>
      </trkpt>
      <trkpt lat="46.624191" lon="12.28978">
        <ele>2255.5</ele>
      </trkpt>
      <trkpt lat="46.624146" lon="12.289699">
        <ele>2256.75</ele>
      </trkpt>
      <trkpt lat="46.624111" lon="12.289637">
        <ele>2257.75</ele>
      </trkpt>
      <trkpt lat="46.62402" lon="12.289575">
        <ele>2258.75</ele>
      </trkpt>
      <trkpt lat="46.623957" lon="12.289496">
        <ele>2259.75</ele>
      </trkpt>
      <trkpt lat="46.623957" lon="12.289393">
        <ele>2261.25</ele>
      </trkpt>
      <trkpt lat="46.623924" lon="12.289292">
        <ele>2262.75</ele>
      </trkpt>
      <trkpt lat="46.623881" lon="12.289097">
        <ele>2265</ele>
      </trkpt>
      <trkpt lat="46.623885" lon="12.288994">
        <ele>2265.5</ele>
      </trkpt>
      <trkpt lat="46.623948" lon="12.288849">
        <ele>2266.75</ele>
      </trkpt>
      <trkpt lat="46.623941" lon="12.288683">
        <ele>2267.75</ele>
      </trkpt>
      <trkpt lat="46.623904" lon="12.288571">
        <ele>2268</ele>
      </trkpt>
      <trkpt lat="46.623892" lon="12.288365">
        <ele>2269</ele>
      </trkpt>
      <trkpt lat="46.62385" lon="12.288276">
        <ele>2268.75</ele>
      </trkpt>
      <trkpt lat="46.623846" lon="12.288061">
        <ele>2268.5</ele>
      </trkpt>
      <trkpt lat="46.623902" lon="12.287909">
        <ele>2268.5</ele>
      </trkpt>
      <trkpt lat="46.62392" lon="12.287752">
        <ele>2268.5</ele>
      </trkpt>
      <trkpt lat="46.623972" lon="12.287598">
        <ele>2268.5</ele>
      </trkpt>
      <trkpt lat="46.624008" lon="12.287553">
        <ele>2268.5</ele>
      </trkpt>
      <trkpt lat="46.624118" lon="12.287515">
        <ele>2268.75</ele>
      </trkpt>
      <trkpt lat="46.62415" lon="12.287435">
        <ele>2269</ele>
      </trkpt>
      <trkpt lat="46.624128" lon="12.287364">
        <ele>2269</ele>
      </trkpt>
      <trkpt lat="46.624045" lon="12.287298">
        <ele>2269</ele>
      </trkpt>
      <trkpt lat="46.623971" lon="12.287157">
        <ele>2269</ele>
      </trkpt>
      <trkpt lat="46.623898" lon="12.287049">
        <ele>2269.25</ele>
      </trkpt>
      <trkpt lat="46.623856" lon="12.286955">
        <ele>2269.25</ele>
      </trkpt>
      <trkpt lat="46.623726" lon="12.28687">
        <ele>2269.25</ele>
      </trkpt>
      <trkpt lat="46.623648" lon="12.286785">
        <ele>2269.25</ele>
      </trkpt>
      <trkpt lat="46.623604" lon="12.286697">
        <ele>2269.5</ele>
      </trkpt>
      <trkpt lat="46.623478" lon="12.286493">
        <ele>2271</ele>
      </trkpt>
      <trkpt lat="46.623334" lon="12.286361">
        <ele>2272.25</ele>
      </trkpt>
      <trkpt lat="46.62321" lon="12.286285">
        <ele>2274.25</ele>
      </trkpt>
      <trkpt lat="46.623132" lon="12.286104">
        <ele>2277</ele>
      </trkpt>
      <trkpt lat="46.62306" lon="12.286068">
        <ele>2278.25</ele>
      </trkpt>
      <trkpt lat="46.622948" lon="12.286031">
        <ele>2279.75</ele>
      </trkpt>
      <trkpt lat="46.622894" lon="12.285965">
        <ele>2280.75</ele>
      </trkpt>
      <trkpt lat="46.622786" lon="12.285886">
        <ele>2282.75</ele>
      </trkpt>
      <trkpt lat="46.622732" lon="12.285876">
        <ele>2283.25</ele>
      </trkpt>
      <trkpt lat="46.622615" lon="12.285789">
        <ele>2284.5</ele>
      </trkpt>
      <trkpt lat="46.622428" lon="12.285705">
        <ele>2284.75</ele>
      </trkpt>
      <trkpt lat="46.622264" lon="12.28572">
        <ele>2284.75</ele>
      </trkpt>
      <trkpt lat="46.622108" lon="12.285701">
        <ele>2284.25</ele>
      </trkpt>
      <trkpt lat="46.622067" lon="12.285712">
        <ele>2284.5</ele>
      </trkpt>
      <trkpt lat="46.621907" lon="12.285805">
        <ele>2286</ele>
      </trkpt>
      <trkpt lat="46.621756" lon="12.285817">
        <ele>2286.5</ele>
      </trkpt>
      <trkpt lat="46.621288" lon="12.285814">
        <ele>2292.75</ele>
      </trkpt>
      <trkpt lat="46.621132" lon="12.285823">
        <ele>2295.5</ele>
      </trkpt>
      <trkpt lat="46.621077" lon="12.285812">
        <ele>2296</ele>
      </trkpt>
      <trkpt lat="46.62103" lon="12.285792">
        <ele>2296.25</ele>
      </trkpt>
      <trkpt lat="46.62072" lon="12.285491">
        <ele>2292.25</ele>
      </trkpt>
      <trkpt lat="46.620463" lon="12.285294">
        <ele>2292</ele>
      </trkpt>
      <trkpt lat="46.620366" lon="12.285198">
        <ele>2291.25</ele>
      </trkpt>
      <trkpt lat="46.620271" lon="12.285159">
        <ele>2292</ele>
      </trkpt>
      <trkpt lat="46.62019" lon="12.285102">
        <ele>2292</ele>
      </trkpt>
      <trkpt lat="46.620107" lon="12.285069">
        <ele>2292.75</ele>
      </trkpt>
      <trkpt lat="46.620039" lon="12.285005">
        <ele>2292</ele>
      </trkpt>
      <trkpt lat="46.619946" lon="12.284958">
        <ele>2291</ele>
      </trkpt>
      <trkpt lat="46.619829" lon="12.284926">
        <ele>2289.75</ele>
      </trkpt>
      <trkpt lat="46.619707" lon="12.284905">
        <ele>2288.75</ele>
      </trkpt>
      <trkpt lat="46.619657" lon="12.284889">
        <ele>2288</ele>
      </trkpt>
      <trkpt lat="46.619535" lon="12.284853">
        <ele>2286.5</ele>
      </trkpt>
      <trkpt lat="46.619491" lon="12.284865">
        <ele>2287</ele>
      </trkpt>
      <trkpt lat="46.619408" lon="12.28493">
        <ele>2290.25</ele>
      </trkpt>
      <trkpt lat="46.619359" lon="12.284953">
        <ele>2291.25</ele>
      </trkpt>
      <trkpt lat="46.619256" lon="12.284953">
        <ele>2291.5</ele>
      </trkpt>
      <trkpt lat="46.619167" lon="12.284926">
        <ele>2290.25</ele>
      </trkpt>
      <trkpt lat="46.619091" lon="12.284916">
        <ele>2290</ele>
      </trkpt>
      <trkpt lat="46.61878" lon="12.284951">
        <ele>2292.25</ele>
      </trkpt>
      <trkpt lat="46.618705" lon="12.284992">
        <ele>2294</ele>
      </trkpt>
      <trkpt lat="46.618369" lon="12.284984">
        <ele>2294.25</ele>
      </trkpt>
      <trkpt lat="46.61823" lon="12.285003">
        <ele>2298</ele>
      </trkpt>
      <trkpt lat="46.618131" lon="12.285034">
        <ele>2302.25</ele>
      </trkpt>
      <trkpt lat="46.618021" lon="12.285034">
        <ele>2305</ele>
      </trkpt>
      <trkpt lat="46.617967" lon="12.285026">
        <ele>2306.25</ele>
      </trkpt>
      <trkpt lat="46.617878" lon="12.285042">
        <ele>2309.25</ele>
      </trkpt>
      <trkpt lat="46.617823" lon="12.285004">
        <ele>2309.25</ele>
      </trkpt>
      <trkpt lat="46.617638" lon="12.284847">
        <ele>2310.75</ele>
      </trkpt>
      <trkpt lat="46.617579" lon="12.284767">
        <ele>2310.75</ele>
      </trkpt>
      <trkpt lat="46.617529" lon="12.284726">
        <ele>2311.75</ele>
      </trkpt>
      <trkpt lat="46.617495" lon="12.284573">
        <ele>2309.5</ele>
      </trkpt>
      <trkpt lat="46.617503" lon="12.284487">
        <ele>2308</ele>
      </trkpt>
      <trkpt lat="46.617505" lon="12.284366">
        <ele>2305.5</ele>
      </trkpt>
      <trkpt lat="46.61752" lon="12.284247">
        <ele>2302.5</ele>
      </trkpt>
      <trkpt lat="46.617499" lon="12.284293">
        <ele>2304.25</ele>
      </trkpt>
      <trkpt lat="46.617297" lon="12.284294">
        <ele>2302</ele>
      </trkpt>
      <trkpt lat="46.617062" lon="12.284405">
        <ele>2301.75</ele>
      </trkpt>
      <trkpt lat="46.61661" lon="12.284945">
        <ele>2306</ele>
      </trkpt>
      <trkpt lat="46.616371" lon="12.285417">
        <ele>2308</ele>
      </trkpt>
      <trkpt lat="46.616334" lon="12.285542">
        <ele>2309.25</ele>
      </trkpt>
      <trkpt lat="46.616253" lon="12.285742">
        <ele>2309.75</ele>
      </trkpt>
      <trkpt lat="46.616161" lon="12.285911">
        <ele>2309</ele>
      </trkpt>
      <trkpt lat="46.61612" lon="12.286073">
        <ele>2311</ele>
      </trkpt>
      <trkpt lat="46.616055" lon="12.28628">
        <ele>2312.5</ele>
      </trkpt>
      <trkpt lat="46.616016" lon="12.286451">
        <ele>2314.5</ele>
      </trkpt>
      <trkpt lat="46.615944" lon="12.286534">
        <ele>2312.75</ele>
      </trkpt>
      <trkpt lat="46.615906" lon="12.286595">
        <ele>2312</ele>
      </trkpt>
      <trkpt lat="46.615856" lon="12.286677">
        <ele>2311.25</ele>
      </trkpt>
      <trkpt lat="46.615831" lon="12.286748">
        <ele>2312.25</ele>
      </trkpt>
      <trkpt lat="46.615825" lon="12.286859">
        <ele>2315.5</ele>
      </trkpt>
      <trkpt lat="46.615855" lon="12.287027">
        <ele>2322</ele>
      </trkpt>
      <trkpt lat="46.615844" lon="12.287078">
        <ele>2323.25</ele>
      </trkpt>
      <trkpt lat="46.615824" lon="12.28711">
        <ele>2323.25</ele>
      </trkpt>
      <trkpt lat="46.615666" lon="12.287263">
        <ele>2320</ele>
      </trkpt>
      <trkpt lat="46.615586" lon="12.287308">
        <ele>2317.5</ele>
      </trkpt>
      <trkpt lat="46.615559" lon="12.287276">
        <ele>2315.25</ele>
      </trkpt>
      <trkpt lat="46.615543" lon="12.28724">
        <ele>2313.25</ele>
      </trkpt>
      <trkpt lat="46.615523" lon="12.287228">
        <ele>2312</ele>
      </trkpt>
      <trkpt lat="46.615453" lon="12.287259">
        <ele>2309.25</ele>
      </trkpt>
      <trkpt lat="46.6151" lon="12.287836">
        <ele>2306.25</ele>
      </trkpt>
      <trkpt lat="46.615039" lon="12.288054">
        <ele>2308.75</ele>
      </trkpt>
      <trkpt lat="46.615" lon="12.288219">
        <ele>2311</ele>
      </trkpt>
      <trkpt lat="46.615009" lon="12.288329">
        <ele>2314.25</ele>
      </trkpt>
      <trkpt lat="46.615003" lon="12.28851">
        <ele>2316</ele>
      </trkpt>
      <trkpt lat="46.615013" lon="12.288742">
        <ele>2319.25</ele>
      </trkpt>
      <trkpt lat="46.615006" lon="12.288916">
        <ele>2321.25</ele>
      </trkpt>
      <trkpt lat="46.614992" lon="12.289028">
        <ele>2321.75</ele>
      </trkpt>
      <trkpt lat="46.614954" lon="12.289351">
        <ele>2324</ele>
      </trkpt>
      <trkpt lat="46.614933" lon="12.289414">
        <ele>2324</ele>
      </trkpt>
      <trkpt lat="46.614897" lon="12.289492">
        <ele>2323.5</ele>
      </trkpt>
      <trkpt lat="46.614833" lon="12.289601">
        <ele>2322.75</ele>
      </trkpt>
      <trkpt lat="46.61473" lon="12.289926">
        <ele>2323.5</ele>
      </trkpt>
      <trkpt lat="46.61457" lon="12.290174">
        <ele>2322.25</ele>
      </trkpt>
      <trkpt lat="46.614504" lon="12.290297">
        <ele>2322</ele>
      </trkpt>
      <trkpt lat="46.61446" lon="12.290423">
        <ele>2322.25</ele>
      </trkpt>
      <trkpt lat="46.614423" lon="12.290613">
        <ele>2323.5</ele>
      </trkpt>
      <trkpt lat="46.614395" lon="12.290725">
        <ele>2324</ele>
      </trkpt>
      <trkpt lat="46.614316" lon="12.290898">
        <ele>2323.75</ele>
      </trkpt>
      <trkpt lat="46.614285" lon="12.291029">
        <ele>2324</ele>
      </trkpt>
      <trkpt lat="46.614278" lon="12.29112">
        <ele>2324.25</ele>
      </trkpt>
      <trkpt lat="46.614186" lon="12.291546">
        <ele>2324.75</ele>
      </trkpt>
      <trkpt lat="46.614154" lon="12.291668">
        <ele>2324.5</ele>
      </trkpt>
      <trkpt lat="46.614079" lon="12.291858">
        <ele>2325</ele>
      </trkpt>
      <trkpt lat="46.614062" lon="12.291924">
        <ele>2325.5</ele>
      </trkpt>
      <trkpt lat="46.614063" lon="12.291969">
        <ele>2326.25</ele>
      </trkpt>
      <trkpt lat="46.614047" lon="12.292013">
        <ele>2326.25</ele>
      </trkpt>
      <trkpt lat="46.614006" lon="12.292077">
        <ele>2326</ele>
      </trkpt>
      <trkpt lat="46.613977" lon="12.29215">
        <ele>2326</ele>
      </trkpt>
      <trkpt lat="46.613962" lon="12.292294">
        <ele>2327.5</ele>
      </trkpt>
      <trkpt lat="46.61393" lon="12.292361">
        <ele>2327.5</ele>
      </trkpt>
      <trkpt lat="46.61382" lon="12.292538">
        <ele>2326.25</ele>
      </trkpt>
      <trkpt lat="46.61371" lon="12.292698">
        <ele>2325</ele>
      </trkpt>
      <trkpt lat="46.613548" lon="12.293015">
        <ele>2323.25</ele>
      </trkpt>
      <trkpt lat="46.613534" lon="12.293099">
        <ele>2323.75</ele>
      </trkpt>
      <trkpt lat="46.613614" lon="12.2933">
        <ele>2329.75</ele>
      </trkpt>
      <trkpt lat="46.613567" lon="12.29339">
        <ele>2329</ele>
      </trkpt>
      <trkpt lat="46.613409" lon="12.293622">
        <ele>2325.25</ele>
      </trkpt>
      <trkpt lat="46.613392" lon="12.293649">
        <ele>2325</ele>
      </trkpt>
      <trkpt lat="46.613318" lon="12.293702">
        <ele>2322.75</ele>
      </trkpt>
      <trkpt lat="46.613294" lon="12.293741">
        <ele>2322.5</ele>
      </trkpt>
      <trkpt lat="46.613282" lon="12.293785">
        <ele>2323</ele>
      </trkpt>
      <trkpt lat="46.613281" lon="12.293832">
        <ele>2323.5</ele>
      </trkpt>
      <trkpt lat="46.613291" lon="12.293877">
        <ele>2324.5</ele>
      </trkpt>
      <trkpt lat="46.61328" lon="12.293938">
        <ele>2325</ele>
      </trkpt>
      <trkpt lat="46.613269" lon="12.293977">
        <ele>2325.25</ele>
      </trkpt>
      <trkpt lat="46.613236" lon="12.294027">
        <ele>2325</ele>
      </trkpt>
      <trkpt lat="46.613153" lon="12.294107">
        <ele>2323.5</ele>
      </trkpt>
      <trkpt lat="46.613045" lon="12.294171">
        <ele>2321</ele>
      </trkpt>
      <trkpt lat="46.612904" lon="12.294376">
        <ele>2320.25</ele>
      </trkpt>
      <trkpt lat="46.612783" lon="12.29447">
        <ele>2318</ele>
      </trkpt>
      <trkpt lat="46.612749" lon="12.294575">
        <ele>2318.75</ele>
      </trkpt>
      <trkpt lat="46.612703" lon="12.294688">
        <ele>2319.25</ele>
      </trkpt>
      <trkpt lat="46.612536" lon="12.295009">
        <ele>2319.25</ele>
      </trkpt>
      <trkpt lat="46.612435" lon="12.295282">
        <ele>2319.25</ele>
      </trkpt>
      <trkpt lat="46.61229" lon="12.295679">
        <ele>2319.5</ele>
      </trkpt>
      <trkpt lat="46.612287" lon="12.295745">
        <ele>2320.25</ele>
      </trkpt>
      <trkpt lat="46.612298" lon="12.295818">
        <ele>2321.25</ele>
      </trkpt>
      <trkpt lat="46.61237" lon="12.296262">
        <ele>2314.75</ele>
      </trkpt>
      <trkpt lat="46.61235" lon="12.296313">
        <ele>2313.25</ele>
      </trkpt>
      <trkpt lat="46.612309" lon="12.296363">
        <ele>2311.5</ele>
      </trkpt>
      <trkpt lat="46.612223" lon="12.296412">
        <ele>2309</ele>
      </trkpt>
      <trkpt lat="46.612106" lon="12.296402">
        <ele>2307</ele>
      </trkpt>
      <trkpt lat="46.61204" lon="12.296375">
        <ele>2306.25</ele>
      </trkpt>
      <trkpt lat="46.612003" lon="12.296458">
        <ele>2304.5</ele>
      </trkpt>
      <trkpt lat="46.611942" lon="12.296466">
        <ele>2303.5</ele>
      </trkpt>
      <trkpt lat="46.611788" lon="12.296444">
        <ele>2301</ele>
      </trkpt>
      <trkpt lat="46.611704" lon="12.296455">
        <ele>2299.25</ele>
      </trkpt>
      <trkpt lat="46.611696" lon="12.296457">
        <ele>2299.25</ele>
      </trkpt>
      <trkpt lat="46.611559" lon="12.296551">
        <ele>2296</ele>
      </trkpt>
      <trkpt lat="46.611415" lon="12.29669">
        <ele>2291.5</ele>
      </trkpt>
      <trkpt lat="46.61135" lon="12.296795">
        <ele>2286</ele>
      </trkpt>
      <trkpt lat="46.611293" lon="12.296847">
        <ele>2283</ele>
      </trkpt>
      <trkpt lat="46.611226" lon="12.297013">
        <ele>2275.75</ele>
      </trkpt>
      <trkpt lat="46.611174" lon="12.297085">
        <ele>2272.5</ele>
      </trkpt>
      <trkpt lat="46.61089" lon="12.297299">
        <ele>2263.5</ele>
      </trkpt>
      <trkpt lat="46.610587" lon="12.297359">
        <ele>2264.5</ele>
      </trkpt>
      <trkpt lat="46.610503" lon="12.297333">
        <ele>2265.75</ele>
      </trkpt>
      <trkpt lat="46.610405" lon="12.297263">
        <ele>2267.25</ele>
      </trkpt>
      <trkpt lat="46.610279" lon="12.2972">
        <ele>2268</ele>
      </trkpt>
      <trkpt lat="46.610121" lon="12.297242">
        <ele>2269</ele>
      </trkpt>
      <trkpt lat="46.609933" lon="12.297243">
        <ele>2268.25</ele>
      </trkpt>
      <trkpt lat="46.609826" lon="12.297232">
        <ele>2265.75</ele>
      </trkpt>
      <trkpt lat="46.609776" lon="12.297262">
        <ele>2265.25</ele>
      </trkpt>
      <trkpt lat="46.609707" lon="12.297333">
        <ele>2265</ele>
      </trkpt>
      <trkpt lat="46.609662" lon="12.297519">
        <ele>2266.75</ele>
      </trkpt>
      <trkpt lat="46.609674" lon="12.297691">
        <ele>2266</ele>
      </trkpt>
      <trkpt lat="46.609681" lon="12.297894">
        <ele>2265</ele>
      </trkpt>
      <trkpt lat="46.609694" lon="12.298184">
        <ele>2263.5</ele>
      </trkpt>
      <trkpt lat="46.609693" lon="12.298293">
        <ele>2262.75</ele>
      </trkpt>
      <trkpt lat="46.609676" lon="12.298468">
        <ele>2258</ele>
      </trkpt>
      <trkpt lat="46.609649" lon="12.29862">
        <ele>2253</ele>
      </trkpt>
      <trkpt lat="46.609629" lon="12.298659">
        <ele>2251.75</ele>
      </trkpt>
      <trkpt lat="46.609608" lon="12.298704">
        <ele>2250.5</ele>
      </trkpt>
      <trkpt lat="46.609485" lon="12.298622">
        <ele>2253.75</ele>
      </trkpt>
      <trkpt lat="46.60939" lon="12.298539">
        <ele>2256.5</ele>
      </trkpt>
      <trkpt lat="46.609328" lon="12.298532">
        <ele>2257</ele>
      </trkpt>
      <trkpt lat="46.609282" lon="12.298575">
        <ele>2256</ele>
      </trkpt>
      <trkpt lat="46.609128" lon="12.298671">
        <ele>2254.75</ele>
      </trkpt>
      <trkpt lat="46.608793" lon="12.298756">
        <ele>2256</ele>
      </trkpt>
      <trkpt lat="46.608564" lon="12.298887">
        <ele>2258</ele>
      </trkpt>
      <trkpt lat="46.608482" lon="12.299071">
        <ele>2260</ele>
      </trkpt>
      <trkpt lat="46.608387" lon="12.299232">
        <ele>2260.25</ele>
      </trkpt>
      <trkpt lat="46.608077" lon="12.299283">
        <ele>2262.5</ele>
      </trkpt>
      <trkpt lat="46.607814" lon="12.299619">
        <ele>2262.5</ele>
      </trkpt>
      <trkpt lat="46.607551" lon="12.299754">
        <ele>2271</ele>
      </trkpt>
      <trkpt lat="46.607496" lon="12.299798">
        <ele>2273.25</ele>
      </trkpt>
      <trkpt lat="46.607056" lon="12.299949">
        <ele>2276.5</ele>
      </trkpt>
      <trkpt lat="46.606471" lon="12.300173">
        <ele>2275</ele>
      </trkpt>
      <trkpt lat="46.606429" lon="12.300194">
        <ele>2275</ele>
      </trkpt>
      <trkpt lat="46.60621" lon="12.30031">
        <ele>2275</ele>
      </trkpt>
      <trkpt lat="46.606024" lon="12.300423">
        <ele>2275.75</ele>
      </trkpt>
      <trkpt lat="46.605891" lon="12.30042">
        <ele>2278.75</ele>
      </trkpt>
      <trkpt lat="46.605639" lon="12.300643">
        <ele>2283.25</ele>
      </trkpt>
      <trkpt lat="46.60555" lon="12.300747">
        <ele>2285.25</ele>
      </trkpt>
      <trkpt lat="46.605451" lon="12.300828">
        <ele>2288</ele>
      </trkpt>
      <trkpt lat="46.605359" lon="12.300932">
        <ele>2289.5</ele>
      </trkpt>
      <trkpt lat="46.605294" lon="12.30104">
        <ele>2290</ele>
      </trkpt>
      <trkpt lat="46.605215" lon="12.301117">
        <ele>2292.25</ele>
      </trkpt>
      <trkpt lat="46.605115" lon="12.301306">
        <ele>2294</ele>
      </trkpt>
      <trkpt lat="46.60507" lon="12.301466">
        <ele>2294.25</ele>
      </trkpt>
      <trkpt lat="46.604974" lon="12.301495">
        <ele>2298.25</ele>
      </trkpt>
      <trkpt lat="46.604791" lon="12.30143">
        <ele>2300.25</ele>
      </trkpt>
      <trkpt lat="46.604697" lon="12.301408">
        <ele>2301.25</ele>
      </trkpt>
      <trkpt lat="46.604601" lon="12.301431">
        <ele>2301.5</ele>
      </trkpt>
      <trkpt lat="46.604534" lon="12.301169">
        <ele>2305.25</ele>
      </trkpt>
      <trkpt lat="46.604428" lon="12.301139">
        <ele>2306.25</ele>
      </trkpt>
      <trkpt lat="46.6042" lon="12.301137">
        <ele>2308</ele>
      </trkpt>
      <trkpt lat="46.604143" lon="12.301024">
        <ele>2308.25</ele>
      </trkpt>
      <trkpt lat="46.604135" lon="12.300965">
        <ele>2308.25</ele>
      </trkpt>
      <trkpt lat="46.60412" lon="12.300846">
        <ele>2308.75</ele>
      </trkpt>
      <trkpt lat="46.60398" lon="12.300712">
        <ele>2302.75</ele>
      </trkpt>
      <trkpt lat="46.603908" lon="12.300553">
        <ele>2302</ele>
      </trkpt>
      <trkpt lat="46.60387" lon="12.300371">
        <ele>2303.75</ele>
      </trkpt>
      <trkpt lat="46.603907" lon="12.300204">
        <ele>2309.25</ele>
      </trkpt>
      <trkpt lat="46.603923" lon="12.300091">
        <ele>2312.5</ele>
      </trkpt>
      <trkpt lat="46.60392" lon="12.299947">
        <ele>2314</ele>
      </trkpt>
      <trkpt lat="46.603948" lon="12.299824">
        <ele>2314.5</ele>
      </trkpt>
      <trkpt lat="46.60376" lon="12.299654">
        <ele>2308.75</ele>
      </trkpt>
      <trkpt lat="46.603701" lon="12.299578">
        <ele>2308</ele>
      </trkpt>
      <trkpt lat="46.603875" lon="12.299414">
        <ele>2311</ele>
      </trkpt>
      <trkpt lat="46.603858" lon="12.299316">
        <ele>2310.75</ele>
      </trkpt>
      <trkpt lat="46.603793" lon="12.299178">
        <ele>2311</ele>
      </trkpt>
      <trkpt lat="46.603687" lon="12.299104">
        <ele>2311.75</ele>
      </trkpt>
      <trkpt lat="46.603613" lon="12.299013">
        <ele>2313</ele>
      </trkpt>
      <trkpt lat="46.603546" lon="12.298904">
        <ele>2315</ele>
      </trkpt>
      <trkpt lat="46.603499" lon="12.298775">
        <ele>2317.25</ele>
      </trkpt>
      <trkpt lat="46.603419" lon="12.298638">
        <ele>2321.25</ele>
      </trkpt>
      <trkpt lat="46.603368" lon="12.298499">
        <ele>2325.25</ele>
      </trkpt>
      <trkpt lat="46.603338" lon="12.298416">
        <ele>2328</ele>
      </trkpt>
      <trkpt lat="46.603302" lon="12.298326">
        <ele>2329.5</ele>
      </trkpt>
      <trkpt lat="46.603257" lon="12.297958">
        <ele>2323</ele>
      </trkpt>
      <trkpt lat="46.603216" lon="12.297685">
        <ele>2318.5</ele>
      </trkpt>
      <trkpt lat="46.603141" lon="12.297433">
        <ele>2315</ele>
      </trkpt>
      <trkpt lat="46.60313" lon="12.297303">
        <ele>2313.5</ele>
      </trkpt>
      <trkpt lat="46.603085" lon="12.297127">
        <ele>2312</ele>
      </trkpt>
      <trkpt lat="46.603075" lon="12.297065">
        <ele>2311.5</ele>
      </trkpt>
      <trkpt lat="46.603084" lon="12.297005">
        <ele>2310.75</ele>
      </trkpt>
      <trkpt lat="46.603" lon="12.296698">
        <ele>2308.75</ele>
      </trkpt>
      <trkpt lat="46.602971" lon="12.296606">
        <ele>2308.75</ele>
      </trkpt>
      <trkpt lat="46.602816" lon="12.296347">
        <ele>2311.75</ele>
      </trkpt>
      <trkpt lat="46.602759" lon="12.296265">
        <ele>2313.5</ele>
      </trkpt>
      <trkpt lat="46.602679" lon="12.296085">
        <ele>2316.5</ele>
      </trkpt>
      <trkpt lat="46.602671" lon="12.296067">
        <ele>2317</ele>
      </trkpt>
      <trkpt lat="46.602602" lon="12.296042">
        <ele>2319.75</ele>
      </trkpt>
      <trkpt lat="46.602549" lon="12.296021">
        <ele>2322</ele>
      </trkpt>
      <trkpt lat="46.602512" lon="12.295981">
        <ele>2323.75</ele>
      </trkpt>
      <trkpt lat="46.602373" lon="12.295972">
        <ele>2321.5</ele>
      </trkpt>
      <trkpt lat="46.602213" lon="12.295933">
        <ele>2319</ele>
      </trkpt>
      <trkpt lat="46.602117" lon="12.29583">
        <ele>2319.5</ele>
      </trkpt>
      <trkpt lat="46.602015" lon="12.29574">
        <ele>2319</ele>
      </trkpt>
      <trkpt lat="46.601806" lon="12.295654">
        <ele>2317</ele>
      </trkpt>
      <trkpt lat="46.601493" lon="12.295434">
        <ele>2308.75</ele>
      </trkpt>
      <trkpt lat="46.60141" lon="12.295288">
        <ele>2306.75</ele>
      </trkpt>
      <trkpt lat="46.601391" lon="12.295136">
        <ele>2309</ele>
      </trkpt>
      <trkpt lat="46.601387" lon="12.295121">
        <ele>2309</ele>
      </trkpt>
      <trkpt lat="46.601363" lon="12.295002">
        <ele>2310.5</ele>
      </trkpt>
      <trkpt lat="46.60135" lon="12.294868">
        <ele>2309.5</ele>
      </trkpt>
      <trkpt lat="46.601322" lon="12.29479">
        <ele>2308</ele>
      </trkpt>
      <trkpt lat="46.601326" lon="12.294652">
        <ele>2308</ele>
      </trkpt>
      <trkpt lat="46.60124" lon="12.29448">
        <ele>2305</ele>
      </trkpt>
      <trkpt lat="46.601299" lon="12.294319">
        <ele>2306.75</ele>
      </trkpt>
      <trkpt lat="46.601295" lon="12.294246">
        <ele>2306.75</ele>
      </trkpt>
      <trkpt lat="46.601121" lon="12.294028">
        <ele>2300</ele>
      </trkpt>
      <trkpt lat="46.600971" lon="12.293986">
        <ele>2297.25</ele>
      </trkpt>
      <trkpt lat="46.600736" lon="12.293896">
        <ele>2290</ele>
      </trkpt>
      <trkpt lat="46.600598" lon="12.293764">
        <ele>2283.75</ele>
      </trkpt>
      <trkpt lat="46.600474" lon="12.293536">
        <ele>2280.5</ele>
      </trkpt>
      <trkpt lat="46.600285" lon="12.293157">
        <ele>2278.25</ele>
      </trkpt>
      <trkpt lat="46.600233" lon="12.293044">
        <ele>2277.5</ele>
      </trkpt>
      <trkpt lat="46.600218" lon="12.292868">
        <ele>2276.75</ele>
      </trkpt>
      <trkpt lat="46.60018" lon="12.292682">
        <ele>2276.5</ele>
      </trkpt>
      <trkpt lat="46.600162" lon="12.29251">
        <ele>2276.75</ele>
      </trkpt>
      <trkpt lat="46.600128" lon="12.292316">
        <ele>2278.75</ele>
      </trkpt>
      <trkpt lat="46.600106" lon="12.292128">
        <ele>2281</ele>
      </trkpt>
      <trkpt lat="46.600092" lon="12.291719">
        <ele>2285</ele>
      </trkpt>
      <trkpt lat="46.600051" lon="12.291619">
        <ele>2291.25</ele>
      </trkpt>
      <trkpt lat="46.600027" lon="12.291551">
        <ele>2297</ele>
      </trkpt>
      <trkpt lat="46.599952" lon="12.291545">
        <ele>2300.75</ele>
      </trkpt>
      <trkpt lat="46.59979" lon="12.2916">
        <ele>2300.25</ele>
      </trkpt>
      <trkpt lat="46.599697" lon="12.291523">
        <ele>2305.75</ele>
      </trkpt>
      <trkpt lat="46.599654" lon="12.291447">
        <ele>2310</ele>
      </trkpt>
      <trkpt lat="46.599622" lon="12.291341">
        <ele>2315.25</ele>
      </trkpt>
      <trkpt lat="46.599523" lon="12.291239">
        <ele>2320.75</ele>
      </trkpt>
      <trkpt lat="46.599467" lon="12.2911">
        <ele>2327</ele>
      </trkpt>
      <trkpt lat="46.599309" lon="12.291066">
        <ele>2328.75</ele>
      </trkpt>
      <trkpt lat="46.599143" lon="12.291062">
        <ele>2327.75</ele>
      </trkpt>
      <trkpt lat="46.598985" lon="12.291093">
        <ele>2317.25</ele>
      </trkpt>
      <trkpt lat="46.598918" lon="12.291216">
        <ele>2308.5</ele>
      </trkpt>
      <trkpt lat="46.598828" lon="12.291273">
        <ele>2300.75</ele>
      </trkpt>
      <trkpt lat="46.598788" lon="12.291357">
        <ele>2294.75</ele>
      </trkpt>
      <trkpt lat="46.598632" lon="12.291386">
        <ele>2283.5</ele>
      </trkpt>
      <trkpt lat="46.598587" lon="12.291345">
        <ele>2282.25</ele>
      </trkpt>
      <trkpt lat="46.598513" lon="12.291279">
        <ele>2280.5</ele>
      </trkpt>
      <trkpt lat="46.598381" lon="12.291433">
        <ele>2265</ele>
      </trkpt>
      <trkpt lat="46.598315" lon="12.291462">
        <ele>2259</ele>
      </trkpt>
      <trkpt lat="46.598211" lon="12.291429">
        <ele>2252.5</ele>
      </trkpt>
      <trkpt lat="46.598014" lon="12.291407">
        <ele>2238</ele>
      </trkpt>
      <trkpt lat="46.597934" lon="12.291389">
        <ele>2232.75</ele>
      </trkpt>
      <trkpt lat="46.597913" lon="12.291448">
        <ele>2228</ele>
      </trkpt>
      <trkpt lat="46.597833" lon="12.291602">
        <ele>2214</ele>
      </trkpt>
      <trkpt lat="46.597795" lon="12.291678">
        <ele>2206.75</ele>
      </trkpt>
      <trkpt lat="46.597644" lon="12.291745">
        <ele>2188.75</ele>
      </trkpt>
      <trkpt lat="46.597532" lon="12.291735">
        <ele>2180.25</ele>
      </trkpt>
      <trkpt lat="46.597478" lon="12.291781">
        <ele>2171.75</ele>
      </trkpt>
      <trkpt lat="46.597449" lon="12.291737">
        <ele>2173.5</ele>
      </trkpt>
      <trkpt lat="46.597241" lon="12.291714">
        <ele>2159</ele>
      </trkpt>
      <trkpt lat="46.597113" lon="12.291666">
        <ele>2152.25</ele>
      </trkpt>
      <trkpt lat="46.596958" lon="12.291555">
        <ele>2144</ele>
      </trkpt>
      <trkpt lat="46.596847" lon="12.291455">
        <ele>2138.25</ele>
      </trkpt>
      <trkpt lat="46.5967" lon="12.291446">
        <ele>2125.75</ele>
      </trkpt>
      <trkpt lat="46.596566" lon="12.291382">
        <ele>2121.25</ele>
      </trkpt>
      <trkpt lat="46.596377" lon="12.291252">
        <ele>2119.5</ele>
      </trkpt>
      <trkpt lat="46.596196" lon="12.291132">
        <ele>2118.75</ele>
      </trkpt>
      <trkpt lat="46.596131" lon="12.291025">
        <ele>2121.75</ele>
      </trkpt>
      <trkpt lat="46.596188" lon="12.290854">
        <ele>2130.75</ele>
      </trkpt>
      <trkpt lat="46.596086" lon="12.29077">
        <ele>2132.5</ele>
      </trkpt>
      <trkpt lat="46.595821" lon="12.290671">
        <ele>2129.25</ele>
      </trkpt>
      <trkpt lat="46.595736" lon="12.290497">
        <ele>2131.75</ele>
      </trkpt>
      <trkpt lat="46.59553" lon="12.290415">
        <ele>2125.5</ele>
      </trkpt>
      <trkpt lat="46.59542" lon="12.290323">
        <ele>2125</ele>
      </trkpt>
      <trkpt lat="46.595323" lon="12.290172">
        <ele>2128.75</ele>
      </trkpt>
      <trkpt lat="46.595263" lon="12.29003">
        <ele>2134</ele>
      </trkpt>
      <trkpt lat="46.595171" lon="12.289842">
        <ele>2136.25</ele>
      </trkpt>
      <trkpt lat="46.595169" lon="12.289659">
        <ele>2140.25</ele>
      </trkpt>
      <trkpt lat="46.595051" lon="12.289582">
        <ele>2137.5</ele>
      </trkpt>
      <trkpt lat="46.594926" lon="12.289552">
        <ele>2133.75</ele>
      </trkpt>
      <trkpt lat="46.594814" lon="12.289456">
        <ele>2132.5</ele>
      </trkpt>
      <trkpt lat="46.594711" lon="12.289419">
        <ele>2130.5</ele>
      </trkpt>
      <trkpt lat="46.594589" lon="12.289358">
        <ele>2129</ele>
      </trkpt>
      <trkpt lat="46.594476" lon="12.289282">
        <ele>2128.25</ele>
      </trkpt>
      <trkpt lat="46.594346" lon="12.289292">
        <ele>2124.75</ele>
      </trkpt>
      <trkpt lat="46.594219" lon="12.289228">
        <ele>2123.75</ele>
      </trkpt>
      <trkpt lat="46.594187" lon="12.289149">
        <ele>2125.25</ele>
      </trkpt>
      <trkpt lat="46.5941" lon="12.289097">
        <ele>2126.25</ele>
      </trkpt>
      <trkpt lat="46.594044" lon="12.28904">
        <ele>2127.5</ele>
      </trkpt>
      <trkpt lat="46.594006" lon="12.288982">
        <ele>2128.5</ele>
      </trkpt>
      <trkpt lat="46.593997" lon="12.288918">
        <ele>2129</ele>
      </trkpt>
      <trkpt lat="46.594029" lon="12.288877">
        <ele>2128.25</ele>
      </trkpt>
      <trkpt lat="46.594029" lon="12.288815">
        <ele>2128.5</ele>
      </trkpt>
      <trkpt lat="46.593964" lon="12.288788">
        <ele>2130.5</ele>
      </trkpt>
      <trkpt lat="46.593845" lon="12.288754">
        <ele>2134</ele>
      </trkpt>
      <trkpt lat="46.593756" lon="12.2887">
        <ele>2137</ele>
      </trkpt>
      <trkpt lat="46.593666" lon="12.288662">
        <ele>2140</ele>
      </trkpt>
      <trkpt lat="46.593515" lon="12.288692">
        <ele>2144.25</ele>
      </trkpt>
      <trkpt lat="46.593372" lon="12.288699">
        <ele>2148.25</ele>
      </trkpt>
      <trkpt lat="46.593281" lon="12.288625">
        <ele>2151.75</ele>
      </trkpt>
      <trkpt lat="46.593195" lon="12.28858">
        <ele>2153.75</ele>
      </trkpt>
      <trkpt lat="46.593111" lon="12.288562">
        <ele>2155.5</ele>
      </trkpt>
      <trkpt lat="46.593" lon="12.288523">
        <ele>2158</ele>
      </trkpt>
      <trkpt lat="46.592854" lon="12.288492">
        <ele>2161</ele>
      </trkpt>
      <trkpt lat="46.592662" lon="12.288359">
        <ele>2167.5</ele>
      </trkpt>
      <trkpt lat="46.592554" lon="12.288166">
        <ele>2168.75</ele>
      </trkpt>
      <trkpt lat="46.592377" lon="12.288135">
        <ele>2171.25</ele>
      </trkpt>
      <trkpt lat="46.592338" lon="12.288188">
        <ele>2171.75</ele>
      </trkpt>
      <trkpt lat="46.592229" lon="12.288136">
        <ele>2173</ele>
      </trkpt>
      <trkpt lat="46.592129" lon="12.288103">
        <ele>2174</ele>
      </trkpt>
      <trkpt lat="46.591996" lon="12.288141">
        <ele>2175.5</ele>
      </trkpt>
      <trkpt lat="46.591898" lon="12.288334">
        <ele>2175.25</ele>
      </trkpt>
      <trkpt lat="46.591383" lon="12.288354">
        <ele>2180.25</ele>
      </trkpt>
      <trkpt lat="46.590821" lon="12.288923">
        <ele>2178</ele>
      </trkpt>
      <trkpt lat="46.590801" lon="12.288944">
        <ele>2178</ele>
      </trkpt>
      <trkpt lat="46.590444" lon="12.289699">
        <ele>2164.25</ele>
      </trkpt>
      <trkpt lat="46.590269" lon="12.289895">
        <ele>2160.75</ele>
      </trkpt>
      <trkpt lat="46.589976" lon="12.290022">
        <ele>2161.5</ele>
      </trkpt>
      <trkpt lat="46.589748" lon="12.290185">
        <ele>2160</ele>
      </trkpt>
      <trkpt lat="46.589592" lon="12.290232">
        <ele>2161.25</ele>
      </trkpt>
      <trkpt lat="46.589464" lon="12.290214">
        <ele>2163.75</ele>
      </trkpt>
      <trkpt lat="46.589124" lon="12.290051">
        <ele>2173.25</ele>
      </trkpt>
      <trkpt lat="46.588936" lon="12.290095">
        <ele>2175.25</ele>
      </trkpt>
      <trkpt lat="46.588723" lon="12.2902">
        <ele>2175.75</ele>
      </trkpt>
      <trkpt lat="46.588429" lon="12.290371">
        <ele>2175.75</ele>
      </trkpt>
      <trkpt lat="46.588155" lon="12.290451">
        <ele>2176.25</ele>
      </trkpt>
      <trkpt lat="46.588046" lon="12.290472">
        <ele>2176.5</ele>
      </trkpt>
      <trkpt lat="46.587964" lon="12.29056">
        <ele>2176.25</ele>
      </trkpt>
      <trkpt lat="46.58792" lon="12.290543">
        <ele>2176.75</ele>
      </trkpt>
      <trkpt lat="46.587848" lon="12.290639">
        <ele>2176.75</ele>
      </trkpt>
      <trkpt lat="46.587746" lon="12.290691">
        <ele>2178</ele>
      </trkpt>
      <trkpt lat="46.587658" lon="12.290689">
        <ele>2179.5</ele>
      </trkpt>
      <trkpt lat="46.587563" lon="12.290636">
        <ele>2180.75</ele>
      </trkpt>
      <trkpt lat="46.587436" lon="12.290523">
        <ele>2183</ele>
      </trkpt>
      <trkpt lat="46.587193" lon="12.290346">
        <ele>2189.75</ele>
      </trkpt>
      <trkpt lat="46.586944" lon="12.290238">
        <ele>2197.5</ele>
      </trkpt>
      <trkpt lat="46.586778" lon="12.290184">
        <ele>2202.75</ele>
      </trkpt>
      <trkpt lat="46.586675" lon="12.290191">
        <ele>2206</ele>
      </trkpt>
      <trkpt lat="46.5866" lon="12.290372">
        <ele>2209</ele>
      </trkpt>
      <trkpt lat="46.586551" lon="12.290432">
        <ele>2210.75</ele>
      </trkpt>
      <trkpt lat="46.586526" lon="12.290386">
        <ele>2211.5</ele>
      </trkpt>
      <trkpt lat="46.586483" lon="12.290249">
        <ele>2211.75</ele>
      </trkpt>
      <trkpt lat="46.586448" lon="12.290164">
        <ele>2212</ele>
      </trkpt>
      <trkpt lat="46.586405" lon="12.290185">
        <ele>2213.25</ele>
      </trkpt>
      <trkpt lat="46.586378" lon="12.290219">
        <ele>2214.5</ele>
      </trkpt>
      <trkpt lat="46.586264" lon="12.290116">
        <ele>2216.25</ele>
      </trkpt>
      <trkpt lat="46.586188" lon="12.290091">
        <ele>2217.75</ele>
      </trkpt>
      <trkpt lat="46.586112" lon="12.290193">
        <ele>2221.5</ele>
      </trkpt>
      <trkpt lat="46.585989" lon="12.290228">
        <ele>2225.5</ele>
      </trkpt>
      <trkpt lat="46.585886" lon="12.290127">
        <ele>2226</ele>
      </trkpt>
      <trkpt lat="46.585709" lon="12.289767">
        <ele>2254.25</ele>
      </trkpt>
      <trkpt lat="46.585566" lon="12.289706">
        <ele>2271.25</ele>
      </trkpt>
      <trkpt lat="46.585491" lon="12.289528">
        <ele>2287.25</ele>
      </trkpt>
      <trkpt lat="46.585342" lon="12.289414">
        <ele>2303.25</ele>
      </trkpt>
      <trkpt lat="46.585245" lon="12.289254">
        <ele>2315.25</ele>
      </trkpt>
      <trkpt lat="46.585094" lon="12.289092">
        <ele>2326</ele>
      </trkpt>
      <trkpt lat="46.585066" lon="12.288823">
        <ele>2328.75</ele>
      </trkpt>
      <trkpt lat="46.584958" lon="12.288666">
        <ele>2332.75</ele>
      </trkpt>
      <trkpt lat="46.58487" lon="12.288662">
        <ele>2336.5</ele>
      </trkpt>
      <trkpt lat="46.584867" lon="12.288572">
        <ele>2335.75</ele>
      </trkpt>
      <trkpt lat="46.584848" lon="12.288529">
        <ele>2336</ele>
      </trkpt>
      <trkpt lat="46.584792" lon="12.288424">
        <ele>2336</ele>
      </trkpt>
      <trkpt lat="46.584895" lon="12.288303">
        <ele>2333.75</ele>
      </trkpt>
      <trkpt lat="46.58489" lon="12.288231">
        <ele>2334.75</ele>
      </trkpt>
      <trkpt lat="46.584819" lon="12.2882">
        <ele>2336.25</ele>
      </trkpt>
      <trkpt lat="46.584798" lon="12.288109">
        <ele>2338</ele>
      </trkpt>
      <trkpt lat="46.58476" lon="12.288213">
        <ele>2337</ele>
      </trkpt>
      <trkpt lat="46.584735" lon="12.288224">
        <ele>2337</ele>
      </trkpt>
      <trkpt lat="46.584681" lon="12.288249">
        <ele>2337.5</ele>
      </trkpt>
      <trkpt lat="46.584629" lon="12.288356">
        <ele>2337.5</ele>
      </trkpt>
      <trkpt lat="46.584572" lon="12.288385">
        <ele>2339.25</ele>
      </trkpt>
      <trkpt lat="46.584525" lon="12.288928">
        <ele>2360.25</ele>
      </trkpt>
      <trkpt lat="46.584521" lon="12.289101">
        <ele>2367</ele>
      </trkpt>
      <trkpt lat="46.584475" lon="12.289599">
        <ele>2369.75</ele>
      </trkpt>
      <trkpt lat="46.58469" lon="12.290025">
        <ele>2346</ele>
      </trkpt>
      <trkpt lat="46.584639" lon="12.290099">
        <ele>2350</ele>
      </trkpt>
      <trkpt lat="46.584758" lon="12.290295">
        <ele>2332.75</ele>
      </trkpt>
      <trkpt lat="46.584832" lon="12.290672">
        <ele>2310.75</ele>
      </trkpt>
      <trkpt lat="46.584863" lon="12.290906">
        <ele>2302.25</ele>
      </trkpt>
      <trkpt lat="46.584912" lon="12.290988">
        <ele>2296.5</ele>
      </trkpt>
      <trkpt lat="46.584945" lon="12.29131">
        <ele>2304</ele>
      </trkpt>
      <trkpt lat="46.585007" lon="12.291526">
        <ele>2304.25</ele>
      </trkpt>
      <trkpt lat="46.585141" lon="12.291707">
        <ele>2302.75</ele>
      </trkpt>
      <trkpt lat="46.585071" lon="12.292052">
        <ele>2323.5</ele>
      </trkpt>
      <trkpt lat="46.585101" lon="12.292195">
        <ele>2326.75</ele>
      </trkpt>
      <trkpt lat="46.585191" lon="12.292341">
        <ele>2323.5</ele>
      </trkpt>
      <trkpt lat="46.585081" lon="12.292539">
        <ele>2345</ele>
      </trkpt>
      <trkpt lat="46.584988" lon="12.292756">
        <ele>2366</ele>
      </trkpt>
      <trkpt lat="46.585015" lon="12.292844">
        <ele>2369.25</ele>
      </trkpt>
      <trkpt lat="46.585067" lon="12.292939">
        <ele>2371.25</ele>
      </trkpt>
      <trkpt lat="46.58501" lon="12.293013">
        <ele>2379</ele>
      </trkpt>
      <trkpt lat="46.58519" lon="12.29307">
        <ele>2373.5</ele>
      </trkpt>
      <trkpt lat="46.585181" lon="12.293173">
        <ele>2381.75</ele>
      </trkpt>
      <trkpt lat="46.585288" lon="12.293143">
        <ele>2375.25</ele>
      </trkpt>
      <trkpt lat="46.585352" lon="12.293183">
        <ele>2376.5</ele>
      </trkpt>
      <trkpt lat="46.58521" lon="12.293294">
        <ele>2390.25</ele>
      </trkpt>
      <trkpt lat="46.585255" lon="12.293446">
        <ele>2401</ele>
      </trkpt>
      <trkpt lat="46.585151" lon="12.29339">
        <ele>2398.25</ele>
      </trkpt>
      <trkpt lat="46.58523" lon="12.293567">
        <ele>2410</ele>
      </trkpt>
      <trkpt lat="46.585337" lon="12.293648">
        <ele>2416</ele>
      </trkpt>
      <trkpt lat="46.58523" lon="12.293716">
        <ele>2421</ele>
      </trkpt>
      <trkpt lat="46.585069" lon="12.293582">
        <ele>2411.5</ele>
      </trkpt>
      <trkpt lat="46.585019" lon="12.293417">
        <ele>2401.75</ele>
      </trkpt>
      <trkpt lat="46.585" lon="12.293516">
        <ele>2407.75</ele>
      </trkpt>
      <trkpt lat="46.585031" lon="12.293688">
        <ele>2418.25</ele>
      </trkpt>
      <trkpt lat="46.585147" lon="12.293917">
        <ele>2434.25</ele>
      </trkpt>
      <trkpt lat="46.585008" lon="12.293891">
        <ele>2430.5</ele>
      </trkpt>
      <trkpt lat="46.584929" lon="12.293833">
        <ele>2422.75</ele>
      </trkpt>
      <trkpt lat="46.584775" lon="12.293678">
        <ele>2407.25</ele>
      </trkpt>
      <trkpt lat="46.584519" lon="12.293456">
        <ele>2390.25</ele>
      </trkpt>
      <trkpt lat="46.584435" lon="12.293312">
        <ele>2385</ele>
      </trkpt>
      <trkpt lat="46.584223" lon="12.29331">
        <ele>2381</ele>
      </trkpt>
      <trkpt lat="46.584152" lon="12.293395">
        <ele>2379.25</ele>
      </trkpt>
      <trkpt lat="46.583995" lon="12.293347">
        <ele>2372.75</ele>
      </trkpt>
      <trkpt lat="46.583809" lon="12.29341">
        <ele>2363.75</ele>
      </trkpt>
      <trkpt lat="46.583744" lon="12.293287">
        <ele>2364.25</ele>
      </trkpt>
      <trkpt lat="46.583701" lon="12.293527">
        <ele>2356.25</ele>
      </trkpt>
      <trkpt lat="46.583614" lon="12.293089">
        <ele>2367.5</ele>
      </trkpt>
      <trkpt lat="46.583577" lon="12.293437">
        <ele>2352.75</ele>
      </trkpt>
      <trkpt lat="46.583286" lon="12.293106">
        <ele>2358.75</ele>
      </trkpt>
      <trkpt lat="46.582843" lon="12.292972">
        <ele>2360.75</ele>
      </trkpt>
      <trkpt lat="46.582454" lon="12.293164">
        <ele>2339.5</ele>
      </trkpt>
      <trkpt lat="46.582186" lon="12.293238">
        <ele>2335.75</ele>
      </trkpt>
      <trkpt lat="46.582129" lon="12.293212">
        <ele>2338.5</ele>
      </trkpt>
      <trkpt lat="46.58199" lon="12.293151">
        <ele>2346</ele>
      </trkpt>
      <trkpt lat="46.581648" lon="12.293137">
        <ele>2352</ele>
      </trkpt>
      <trkpt lat="46.581455" lon="12.293308">
        <ele>2342.75</ele>
      </trkpt>
      <trkpt lat="46.581252" lon="12.293651">
        <ele>2331.25</ele>
      </trkpt>
      <trkpt lat="46.581276" lon="12.293503">
        <ele>2338.25</ele>
      </trkpt>
      <trkpt lat="46.581199" lon="12.29357">
        <ele>2337.75</ele>
      </trkpt>
      <trkpt lat="46.581208" lon="12.293452">
        <ele>2343.75</ele>
      </trkpt>
      <trkpt lat="46.581137" lon="12.293483">
        <ele>2345</ele>
      </trkpt>
      <trkpt lat="46.581142" lon="12.293298">
        <ele>2356.25</ele>
      </trkpt>
      <trkpt lat="46.580867" lon="12.293443">
        <ele>2358</ele>
      </trkpt>
      <trkpt lat="46.580734" lon="12.293266">
        <ele>2375.25</ele>
      </trkpt>
      <trkpt lat="46.580555" lon="12.293391">
        <ele>2372.75</ele>
      </trkpt>
      <trkpt lat="46.580506" lon="12.293109">
        <ele>2399.75</ele>
      </trkpt>
      <trkpt lat="46.580325" lon="12.293304">
        <ele>2387.25</ele>
      </trkpt>
      <trkpt lat="46.580246" lon="12.293165">
        <ele>2404.25</ele>
      </trkpt>
      <trkpt lat="46.580163" lon="12.293394">
        <ele>2387.5</ele>
      </trkpt>
      <trkpt lat="46.579947" lon="12.29335">
        <ele>2396.75</ele>
      </trkpt>
      <trkpt lat="46.579897" lon="12.2935">
        <ele>2389.5</ele>
      </trkpt>
      <trkpt lat="46.579793" lon="12.293077">
        <ele>2425.25</ele>
      </trkpt>
      <trkpt lat="46.579701" lon="12.293372">
        <ele>2398.75</ele>
      </trkpt>
      <trkpt lat="46.579625" lon="12.293079">
        <ele>2427.25</ele>
      </trkpt>
      <trkpt lat="46.579608" lon="12.293361">
        <ele>2400.5</ele>
      </trkpt>
      <trkpt lat="46.579485" lon="12.292996">
        <ele>2437.5</ele>
      </trkpt>
      <trkpt lat="46.579447" lon="12.293298">
        <ele>2407.75</ele>
      </trkpt>
      <trkpt lat="46.579302" lon="12.292982">
        <ele>2441.5</ele>
      </trkpt>
      <trkpt lat="46.579217" lon="12.293229">
        <ele>2417.75</ele>
      </trkpt>
      <trkpt lat="46.57913" lon="12.292905">
        <ele>2450.75</ele>
      </trkpt>
      <trkpt lat="46.579041" lon="12.292696">
        <ele>2470.75</ele>
      </trkpt>
      <trkpt lat="46.578654" lon="12.292529">
        <ele>2483.5</ele>
      </trkpt>
      <trkpt lat="46.578448" lon="12.292462">
        <ele>2489.25</ele>
      </trkpt>
      <trkpt lat="46.578352" lon="12.292519">
        <ele>2481.25</ele>
      </trkpt>
      <trkpt lat="46.578315" lon="12.2925">
        <ele>2482.5</ele>
      </trkpt>
      <trkpt lat="46.578249" lon="12.292465">
        <ele>2485.25</ele>
      </trkpt>
      <trkpt lat="46.578216" lon="12.292324">
        <ele>2502.5</ele>
      </trkpt>
      <trkpt lat="46.578109" lon="12.292437">
        <ele>2485</ele>
      </trkpt>
      <trkpt lat="46.577991" lon="12.292476">
        <ele>2476.75</ele>
      </trkpt>
      <trkpt lat="46.577867" lon="12.292463">
        <ele>2475</ele>
      </trkpt>
      <trkpt lat="46.577561" lon="12.292297">
        <ele>2486</ele>
      </trkpt>
      <trkpt lat="46.577358" lon="12.292696">
        <ele>2435.75</ele>
      </trkpt>
      <trkpt lat="46.577317" lon="12.292257">
        <ele>2480.5</ele>
      </trkpt>
      <trkpt lat="46.577165" lon="12.292626">
        <ele>2435.75</ele>
      </trkpt>
      <trkpt lat="46.577128" lon="12.292388">
        <ele>2459</ele>
      </trkpt>
      <trkpt lat="46.577053" lon="12.292593">
        <ele>2435</ele>
      </trkpt>
      <trkpt lat="46.576964" lon="12.29239">
        <ele>2452.25</ele>
      </trkpt>
      <trkpt lat="46.576926" lon="12.292529">
        <ele>2437.25</ele>
      </trkpt>
      <trkpt lat="46.576859" lon="12.292304">
        <ele>2456.25</ele>
      </trkpt>
      <trkpt lat="46.576758" lon="12.292326">
        <ele>2450</ele>
      </trkpt>
      <trkpt lat="46.57682" lon="12.292105">
        <ele>2473</ele>
      </trkpt>
      <trkpt lat="46.576706" lon="12.292063">
        <ele>2471</ele>
      </trkpt>
      <trkpt lat="46.576584" lon="12.29219">
        <ele>2453.75</ele>
      </trkpt>
      <trkpt lat="46.576533" lon="12.291993">
        <ele>2466.5</ele>
      </trkpt>
      <trkpt lat="46.576347" lon="12.291915">
        <ele>2458.75</ele>
      </trkpt>
      <trkpt lat="46.576138" lon="12.291804">
        <ele>2448.75</ele>
      </trkpt>
      <trkpt lat="46.57596" lon="12.291694">
        <ele>2437.75</ele>
      </trkpt>
      <trkpt lat="46.575782" lon="12.291611">
        <ele>2426.75</ele>
      </trkpt>
      <trkpt lat="46.575671" lon="12.29152">
        <ele>2423.75</ele>
      </trkpt>
      <trkpt lat="46.575478" lon="12.291299">
        <ele>2422</ele>
      </trkpt>
      <trkpt lat="46.575462" lon="12.291315">
        <ele>2419.25</ele>
      </trkpt>
      <trkpt lat="46.575421" lon="12.291275">
        <ele>2418.25</ele>
      </trkpt>
      <trkpt lat="46.575309" lon="12.291227">
        <ele>2411</ele>
      </trkpt>
      <trkpt lat="46.575067" lon="12.291337">
        <ele>2381.75</ele>
      </trkpt>
      <trkpt lat="46.574989" lon="12.291397">
        <ele>2371</ele>
      </trkpt>
      <trkpt lat="46.574923" lon="12.291421">
        <ele>2363</ele>
      </trkpt>
      <trkpt lat="46.574835" lon="12.291371">
        <ele>2357</ele>
      </trkpt>
      <trkpt lat="46.57492" lon="12.291127">
        <ele>2379.25</ele>
      </trkpt>
      <trkpt lat="46.574877" lon="12.290897">
        <ele>2387</ele>
      </trkpt>
      <trkpt lat="46.574791" lon="12.290789">
        <ele>2381.75</ele>
      </trkpt>
      <trkpt lat="46.574715" lon="12.290969">
        <ele>2363.5</ele>
      </trkpt>
      <trkpt lat="46.574624" lon="12.290616">
        <ele>2366.75</ele>
      </trkpt>
      <trkpt lat="46.574486" lon="12.291062">
        <ele>2332.75</ele>
      </trkpt>
      <trkpt lat="46.574441" lon="12.290796">
        <ele>2336.25</ele>
      </trkpt>
      <trkpt lat="46.574461" lon="12.29045">
        <ele>2347.75</ele>
      </trkpt>
      <trkpt lat="46.574208" lon="12.290465">
        <ele>2308.5</ele>
      </trkpt>
      <trkpt lat="46.574053" lon="12.290292">
        <ele>2302.5</ele>
      </trkpt>
      <trkpt lat="46.573924" lon="12.290245">
        <ele>2302.75</ele>
      </trkpt>
      <trkpt lat="46.573705" lon="12.290095">
        <ele>2306.5</ele>
      </trkpt>
      <trkpt lat="46.573591" lon="12.290034">
        <ele>2309</ele>
      </trkpt>
      <trkpt lat="46.573425" lon="12.289919">
        <ele>2315.75</ele>
      </trkpt>
      <trkpt lat="46.573332" lon="12.28981">
        <ele>2319.25</ele>
      </trkpt>
      <trkpt lat="46.573256" lon="12.289772">
        <ele>2318.75</ele>
      </trkpt>
      <trkpt lat="46.573222" lon="12.289789">
        <ele>2317.5</ele>
      </trkpt>
      <trkpt lat="46.573202" lon="12.289757">
        <ele>2318</ele>
      </trkpt>
      <trkpt lat="46.573164" lon="12.289755">
        <ele>2317.25</ele>
      </trkpt>
      <trkpt lat="46.573118" lon="12.289818">
        <ele>2314.5</ele>
      </trkpt>
      <trkpt lat="46.573047" lon="12.289815">
        <ele>2313</ele>
      </trkpt>
      <trkpt lat="46.572976" lon="12.289762">
        <ele>2312.75</ele>
      </trkpt>
      <trkpt lat="46.572969" lon="12.289671">
        <ele>2315.25</ele>
      </trkpt>
      <trkpt lat="46.572854" lon="12.289392">
        <ele>2319.25</ele>
      </trkpt>
      <trkpt lat="46.572749" lon="12.2892">
        <ele>2320.5</ele>
      </trkpt>
      <trkpt lat="46.572593" lon="12.289021">
        <ele>2317.25</ele>
      </trkpt>
      <trkpt lat="46.572502" lon="12.288778">
        <ele>2313</ele>
      </trkpt>
      <trkpt lat="46.572445" lon="12.289018">
        <ele>2310</ele>
      </trkpt>
      <trkpt lat="46.572399" lon="12.288892">
        <ele>2308</ele>
      </trkpt>
      <trkpt lat="46.572331" lon="12.28874">
        <ele>2305.5</ele>
      </trkpt>
      <trkpt lat="46.572352" lon="12.288561">
        <ele>2307</ele>
      </trkpt>
      <trkpt lat="46.572307" lon="12.288287">
        <ele>2307.25</ele>
      </trkpt>
      <trkpt lat="46.572323" lon="12.288068">
        <ele>2312</ele>
      </trkpt>
      <trkpt lat="46.57218" lon="12.287727">
        <ele>2313.25</ele>
      </trkpt>
      <trkpt lat="46.572151" lon="12.287477">
        <ele>2316.75</ele>
      </trkpt>
      <trkpt lat="46.572051" lon="12.287173">
        <ele>2316.75</ele>
      </trkpt>
      <trkpt lat="46.572037" lon="12.286999">
        <ele>2318.5</ele>
      </trkpt>
      <trkpt lat="46.572052" lon="12.286694">
        <ele>2323</ele>
      </trkpt>
      <trkpt lat="46.572074" lon="12.286476">
        <ele>2327.75</ele>
      </trkpt>
      <trkpt lat="46.571982" lon="12.286418">
        <ele>2326.5</ele>
      </trkpt>
      <trkpt lat="46.571929" lon="12.286197">
        <ele>2330</ele>
      </trkpt>
      <trkpt lat="46.571898" lon="12.28615">
        <ele>2330.5</ele>
      </trkpt>
      <trkpt lat="46.571898" lon="12.286093">
        <ele>2331.75</ele>
      </trkpt>
      <trkpt lat="46.571837" lon="12.286046">
        <ele>2331.75</ele>
      </trkpt>
      <trkpt lat="46.571831" lon="12.285987">
        <ele>2333.25</ele>
      </trkpt>
      <trkpt lat="46.57178" lon="12.285949">
        <ele>2333.25</ele>
      </trkpt>
      <trkpt lat="46.571714" lon="12.285918">
        <ele>2333.25</ele>
      </trkpt>
      <trkpt lat="46.571663" lon="12.285809">
        <ele>2334.75</ele>
      </trkpt>
      <trkpt lat="46.571512" lon="12.285682">
        <ele>2332</ele>
      </trkpt>
      <trkpt lat="46.571465" lon="12.28574">
        <ele>2331.25</ele>
      </trkpt>
      <trkpt lat="46.571405" lon="12.285752">
        <ele>2330.25</ele>
      </trkpt>
      <trkpt lat="46.571368" lon="12.285712">
        <ele>2329.75</ele>
      </trkpt>
      <trkpt lat="46.571256" lon="12.285684">
        <ele>2328</ele>
      </trkpt>
      <trkpt lat="46.571167" lon="12.285641">
        <ele>2327</ele>
      </trkpt>
      <trkpt lat="46.571125" lon="12.285683">
        <ele>2326</ele>
      </trkpt>
      <trkpt lat="46.57108" lon="12.2857">
        <ele>2325</ele>
      </trkpt>
      <trkpt lat="46.571014" lon="12.285685">
        <ele>2324.25</ele>
      </trkpt>
      <trkpt lat="46.570968" lon="12.285635">
        <ele>2324.25</ele>
      </trkpt>
      <trkpt lat="46.570899" lon="12.285666">
        <ele>2322.75</ele>
      </trkpt>
      <trkpt lat="46.570811" lon="12.285744">
        <ele>2321.25</ele>
      </trkpt>
      <trkpt lat="46.570596" lon="12.285827">
        <ele>2327.75</ele>
      </trkpt>
      <trkpt lat="46.570344" lon="12.286089">
        <ele>2323.25</ele>
      </trkpt>
      <trkpt lat="46.570277" lon="12.286148">
        <ele>2322</ele>
      </trkpt>
      <trkpt lat="46.570202" lon="12.286191">
        <ele>2321.5</ele>
      </trkpt>
      <trkpt lat="46.570115" lon="12.286294">
        <ele>2317.5</ele>
      </trkpt>
      <trkpt lat="46.570042" lon="12.286417">
        <ele>2311.25</ele>
      </trkpt>
      <trkpt lat="46.569986" lon="12.286497">
        <ele>2307</ele>
      </trkpt>
      <trkpt lat="46.569739" lon="12.286622">
        <ele>2304</ele>
      </trkpt>
      <trkpt lat="46.569665" lon="12.286634">
        <ele>2305</ele>
      </trkpt>
      <trkpt lat="46.569582" lon="12.286631">
        <ele>2307</ele>
      </trkpt>
      <trkpt lat="46.569498" lon="12.286592">
        <ele>2310</ele>
      </trkpt>
      <trkpt lat="46.569377" lon="12.286641">
        <ele>2310.75</ele>
      </trkpt>
      <trkpt lat="46.569317" lon="12.286675">
        <ele>2311.25</ele>
      </trkpt>
      <trkpt lat="46.569273" lon="12.28673">
        <ele>2311</ele>
      </trkpt>
      <trkpt lat="46.569235" lon="12.286766">
        <ele>2311</ele>
      </trkpt>
      <trkpt lat="46.569224" lon="12.286777">
        <ele>2311</ele>
      </trkpt>
      <trkpt lat="46.569155" lon="12.286772">
        <ele>2312</ele>
      </trkpt>
      <trkpt lat="46.569089" lon="12.286747">
        <ele>2309.5</ele>
      </trkpt>
      <trkpt lat="46.568997" lon="12.286663">
        <ele>2307</ele>
      </trkpt>
      <trkpt lat="46.568901" lon="12.286637">
        <ele>2302.75</ele>
      </trkpt>
      <trkpt lat="46.568871" lon="12.286563">
        <ele>2302.25</ele>
      </trkpt>
      <trkpt lat="46.568802" lon="12.286484">
        <ele>2299.75</ele>
      </trkpt>
      <trkpt lat="46.568651" lon="12.286404">
        <ele>2293</ele>
      </trkpt>
      <trkpt lat="46.56875" lon="12.286252">
        <ele>2299.5</ele>
      </trkpt>
      <trkpt lat="46.568661" lon="12.286085">
        <ele>2296.25</ele>
      </trkpt>
      <trkpt lat="46.568543" lon="12.285967">
        <ele>2290</ele>
      </trkpt>
      <trkpt lat="46.568416" lon="12.286031">
        <ele>2282.25</ele>
      </trkpt>
      <trkpt lat="46.568324" lon="12.286051">
        <ele>2277</ele>
      </trkpt>
      <trkpt lat="46.568202" lon="12.286002">
        <ele>2271</ele>
      </trkpt>
      <trkpt lat="46.568087" lon="12.286061">
        <ele>2265.25</ele>
      </trkpt>
      <trkpt lat="46.568089" lon="12.285966">
        <ele>2265.75</ele>
      </trkpt>
      <trkpt lat="46.567963" lon="12.285869">
        <ele>2260</ele>
      </trkpt>
      <trkpt lat="46.567769" lon="12.285841">
        <ele>2250.75</ele>
      </trkpt>
      <trkpt lat="46.567691" lon="12.285868">
        <ele>2247</ele>
      </trkpt>
      <trkpt lat="46.567635" lon="12.285897">
        <ele>2244</ele>
      </trkpt>
      <trkpt lat="46.567606" lon="12.285926">
        <ele>2242.5</ele>
      </trkpt>
      <trkpt lat="46.567425" lon="12.28595">
        <ele>2235.25</ele>
      </trkpt>
      <trkpt lat="46.567287" lon="12.285866">
        <ele>2232</ele>
      </trkpt>
      <trkpt lat="46.567094" lon="12.285667">
        <ele>2228.25</ele>
      </trkpt>
      <trkpt lat="46.567" lon="12.285526">
        <ele>2226.5</ele>
      </trkpt>
      <trkpt lat="46.566931" lon="12.285511">
        <ele>2224.75</ele>
      </trkpt>
      <trkpt lat="46.566868" lon="12.28542">
        <ele>2223.5</ele>
      </trkpt>
      <trkpt lat="46.566682" lon="12.285552">
        <ele>2217.75</ele>
      </trkpt>
      <trkpt lat="46.5666" lon="12.285698">
        <ele>2215.75</ele>
      </trkpt>
      <trkpt lat="46.566401" lon="12.285803">
        <ele>2212.75</ele>
      </trkpt>
      <trkpt lat="46.566281" lon="12.285777">
        <ele>2211.25</ele>
      </trkpt>
      <trkpt lat="46.566193" lon="12.285777">
        <ele>2210.25</ele>
      </trkpt>
      <trkpt lat="46.566147" lon="12.285807">
        <ele>2209.25</ele>
      </trkpt>
      <trkpt lat="46.565997" lon="12.285955">
        <ele>2205.25</ele>
      </trkpt>
      <trkpt lat="46.565917" lon="12.285995">
        <ele>2203.5</ele>
      </trkpt>
      <trkpt lat="46.565605" lon="12.28609">
        <ele>2201.25</ele>
      </trkpt>
      <trkpt lat="46.565547" lon="12.28616">
        <ele>2200</ele>
      </trkpt>
      <trkpt lat="46.565485" lon="12.286186">
        <ele>2199.75</ele>
      </trkpt>
      <trkpt lat="46.565382" lon="12.286391">
        <ele>2195.25</ele>
      </trkpt>
      <trkpt lat="46.565318" lon="12.286644">
        <ele>2189</ele>
      </trkpt>
      <trkpt lat="46.565327" lon="12.286874">
        <ele>2183.25</ele>
      </trkpt>
      <trkpt lat="46.565219" lon="12.287093">
        <ele>2177.25</ele>
      </trkpt>
      <trkpt lat="46.565093" lon="12.287157">
        <ele>2174.75</ele>
      </trkpt>
      <trkpt lat="46.565038" lon="12.287151">
        <ele>2174.5</ele>
      </trkpt>
      <trkpt lat="46.56495" lon="12.287225">
        <ele>2172.75</ele>
      </trkpt>
      <trkpt lat="46.564627" lon="12.287332">
        <ele>2173.75</ele>
      </trkpt>
      <trkpt lat="46.564494" lon="12.287445">
        <ele>2171.25</ele>
      </trkpt>
      <trkpt lat="46.564379" lon="12.287471">
        <ele>2171.25</ele>
      </trkpt>
      <trkpt lat="46.564313" lon="12.287544">
        <ele>2168.75</ele>
      </trkpt>
      <trkpt lat="46.564205" lon="12.287626">
        <ele>2165.5</ele>
      </trkpt>
      <trkpt lat="46.564068" lon="12.287759">
        <ele>2162.5</ele>
      </trkpt>
      <trkpt lat="46.563901" lon="12.287963">
        <ele>2157.5</ele>
      </trkpt>
      <trkpt lat="46.563695" lon="12.287995">
        <ele>2161.75</ele>
      </trkpt>
      <trkpt lat="46.563613" lon="12.288087">
        <ele>2159.25</ele>
      </trkpt>
      <trkpt lat="46.563586" lon="12.288165">
        <ele>2156</ele>
      </trkpt>
      <trkpt lat="46.56349" lon="12.288372">
        <ele>2148.5</ele>
      </trkpt>
      <trkpt lat="46.563332" lon="12.28894">
        <ele>2135</ele>
      </trkpt>
      <trkpt lat="46.563282" lon="12.289057">
        <ele>2131.5</ele>
      </trkpt>
      <trkpt lat="46.563258" lon="12.289139">
        <ele>2129.25</ele>
      </trkpt>
      <trkpt lat="46.563209" lon="12.28955">
        <ele>2123.25</ele>
      </trkpt>
      <trkpt lat="46.563224" lon="12.289616">
        <ele>2122</ele>
      </trkpt>
      <trkpt lat="46.563225" lon="12.28968">
        <ele>2121.25</ele>
      </trkpt>
      <trkpt lat="46.563199" lon="12.289793">
        <ele>2119.75</ele>
      </trkpt>
      <trkpt lat="46.563193" lon="12.289864">
        <ele>2118.75</ele>
      </trkpt>
      <trkpt lat="46.563189" lon="12.290118">
        <ele>2115.25</ele>
      </trkpt>
      <trkpt lat="46.563195" lon="12.290233">
        <ele>2113.5</ele>
      </trkpt>
      <trkpt lat="46.563181" lon="12.290283">
        <ele>2113</ele>
      </trkpt>
      <trkpt lat="46.563144" lon="12.290357">
        <ele>2112.25</ele>
      </trkpt>
      <trkpt lat="46.563136" lon="12.290412">
        <ele>2111.5</ele>
      </trkpt>
      <trkpt lat="46.563062" lon="12.290581">
        <ele>2110</ele>
      </trkpt>
      <trkpt lat="46.563011" lon="12.290658">
        <ele>2109.5</ele>
      </trkpt>
      <trkpt lat="46.562957" lon="12.290762">
        <ele>2108.5</ele>
      </trkpt>
      <trkpt lat="46.56289" lon="12.290835">
        <ele>2108.25</ele>
      </trkpt>
      <trkpt lat="46.562808" lon="12.290887">
        <ele>2108.25</ele>
      </trkpt>
      <trkpt lat="46.562717" lon="12.290856">
        <ele>2109.75</ele>
      </trkpt>
      <trkpt lat="46.562629" lon="12.290847">
        <ele>2111</ele>
      </trkpt>
      <trkpt lat="46.562481" lon="12.290873">
        <ele>2111.75</ele>
      </trkpt>
      <trkpt lat="46.562406" lon="12.290928">
        <ele>2109.5</ele>
      </trkpt>
      <trkpt lat="46.5623" lon="12.290969">
        <ele>2107.25</ele>
      </trkpt>
      <trkpt lat="46.562152" lon="12.290967">
        <ele>2105</ele>
      </trkpt>
      <trkpt lat="46.562001" lon="12.290977">
        <ele>2102.75</ele>
      </trkpt>
      <trkpt lat="46.561879" lon="12.29096">
        <ele>2101</ele>
      </trkpt>
      <trkpt lat="46.561685" lon="12.290968">
        <ele>2098</ele>
      </trkpt>
      <trkpt lat="46.561627" lon="12.290928">
        <ele>2096.75</ele>
      </trkpt>
      <trkpt lat="46.561589" lon="12.29087">
        <ele>2095.25</ele>
      </trkpt>
      <trkpt lat="46.56158" lon="12.290856">
        <ele>2095</ele>
      </trkpt>
      <trkpt lat="46.561578" lon="12.290748">
        <ele>2093.75</ele>
      </trkpt>
      <trkpt lat="46.561587" lon="12.290654">
        <ele>2093.25</ele>
      </trkpt>
      <trkpt lat="46.561511" lon="12.290528">
        <ele>2089.75</ele>
      </trkpt>
      <trkpt lat="46.561496" lon="12.290424">
        <ele>2088</ele>
      </trkpt>
      <trkpt lat="46.561502" lon="12.290351">
        <ele>2087.5</ele>
      </trkpt>
      <trkpt lat="46.561541" lon="12.290292">
        <ele>2088.25</ele>
      </trkpt>
      <trkpt lat="46.561587" lon="12.290258">
        <ele>2089.25</ele>
      </trkpt>
      <trkpt lat="46.561618" lon="12.290236">
        <ele>2090.25</ele>
      </trkpt>
      <trkpt lat="46.561642" lon="12.290199">
        <ele>2090.75</ele>
      </trkpt>
      <trkpt lat="46.561663" lon="12.290133">
        <ele>2090.75</ele>
      </trkpt>
      <trkpt lat="46.561675" lon="12.29006">
        <ele>2090.75</ele>
      </trkpt>
      <trkpt lat="46.561667" lon="12.28982">
        <ele>2090</ele>
      </trkpt>
      <trkpt lat="46.561646" lon="12.289746">
        <ele>2089.25</ele>
      </trkpt>
      <trkpt lat="46.561513" lon="12.289535">
        <ele>2084</ele>
      </trkpt>
      <trkpt lat="46.561494" lon="12.289492">
        <ele>2083.25</ele>
      </trkpt>
      <trkpt lat="46.561487" lon="12.289328">
        <ele>2082.75</ele>
      </trkpt>
      <trkpt lat="46.561508" lon="12.289261">
        <ele>2083.75</ele>
      </trkpt>
      <trkpt lat="46.561516" lon="12.289167">
        <ele>2084</ele>
      </trkpt>
      <trkpt lat="46.561506" lon="12.28905">
        <ele>2085.25</ele>
      </trkpt>
      <trkpt lat="46.561504" lon="12.288919">
        <ele>2086.75</ele>
      </trkpt>
      <trkpt lat="46.561477" lon="12.288829">
        <ele>2086.75</ele>
      </trkpt>
      <trkpt lat="46.561418" lon="12.288711">
        <ele>2085</ele>
      </trkpt>
      <trkpt lat="46.561376" lon="12.288549">
        <ele>2084.5</ele>
      </trkpt>
      <trkpt lat="46.561369" lon="12.2884">
        <ele>2086</ele>
      </trkpt>
      <trkpt lat="46.561353" lon="12.288355">
        <ele>2085.5</ele>
      </trkpt>
      <trkpt lat="46.561305" lon="12.288277">
        <ele>2083.25</ele>
      </trkpt>
      <trkpt lat="46.561281" lon="12.288223">
        <ele>2082.25</ele>
      </trkpt>
      <trkpt lat="46.561261" lon="12.288095">
        <ele>2082.25</ele>
      </trkpt>
      <trkpt lat="46.56126" lon="12.287988">
        <ele>2083</ele>
      </trkpt>
      <trkpt lat="46.561222" lon="12.287829">
        <ele>2082.25</ele>
      </trkpt>
      <trkpt lat="46.561162" lon="12.287717">
        <ele>2080</ele>
      </trkpt>
      <trkpt lat="46.561095" lon="12.287488">
        <ele>2078.75</ele>
      </trkpt>
      <trkpt lat="46.56102" lon="12.287343">
        <ele>2076.75</ele>
      </trkpt>
      <trkpt lat="46.561011" lon="12.287289">
        <ele>2077</ele>
      </trkpt>
      <trkpt lat="46.560989" lon="12.286881">
        <ele>2080.75</ele>
      </trkpt>
      <trkpt lat="46.560963" lon="12.286774">
        <ele>2080.75</ele>
      </trkpt>
      <trkpt lat="46.56088" lon="12.286597">
        <ele>2077.5</ele>
      </trkpt>
      <trkpt lat="46.560837" lon="12.286552">
        <ele>2075.25</ele>
      </trkpt>
      <trkpt lat="46.560663" lon="12.286459">
        <ele>2070.75</ele>
      </trkpt>
      <trkpt lat="46.560602" lon="12.286406">
        <ele>2069.25</ele>
      </trkpt>
      <trkpt lat="46.56055" lon="12.286336">
        <ele>2068.25</ele>
      </trkpt>
      <trkpt lat="46.560453" lon="12.286133">
        <ele>2066.75</ele>
      </trkpt>
      <trkpt lat="46.560433" lon="12.286076">
        <ele>2066.5</ele>
      </trkpt>
      <trkpt lat="46.560403" lon="12.285896">
        <ele>2067</ele>
      </trkpt>
      <trkpt lat="46.560364" lon="12.285813">
        <ele>2066</ele>
      </trkpt>
      <trkpt lat="46.560322" lon="12.285664">
        <ele>2065.5</ele>
      </trkpt>
      <trkpt lat="46.5603" lon="12.285626">
        <ele>2065</ele>
      </trkpt>
      <trkpt lat="46.560274" lon="12.285597">
        <ele>2064.5</ele>
      </trkpt>
      <trkpt lat="46.560227" lon="12.285564">
        <ele>2063.25</ele>
      </trkpt>
      <trkpt lat="46.559823" lon="12.285322">
        <ele>2054.75</ele>
      </trkpt>
      <trkpt lat="46.559563" lon="12.285193">
        <ele>2050.5</ele>
      </trkpt>
      <trkpt lat="46.559432" lon="12.285065">
        <ele>2049</ele>
      </trkpt>
      <trkpt lat="46.559349" lon="12.284959">
        <ele>2048</ele>
      </trkpt>
      <trkpt lat="46.559032" lon="12.284587">
        <ele>2042.75</ele>
      </trkpt>
      <trkpt lat="46.558963" lon="12.284553">
        <ele>2041</ele>
      </trkpt>
      <trkpt lat="46.558775" lon="12.284153">
        <ele>2039.5</ele>
      </trkpt>
      <trkpt lat="46.558671" lon="12.283987">
        <ele>2037.5</ele>
      </trkpt>
      <trkpt lat="46.558596" lon="12.283853">
        <ele>2036</ele>
      </trkpt>
      <trkpt lat="46.558511" lon="12.283768">
        <ele>2034</ele>
      </trkpt>
      <trkpt lat="46.558448" lon="12.283585">
        <ele>2033</ele>
      </trkpt>
      <trkpt lat="46.558414" lon="12.283454">
        <ele>2032.5</ele>
      </trkpt>
      <trkpt lat="46.558412" lon="12.283241">
        <ele>2032</ele>
      </trkpt>
      <trkpt lat="46.558433" lon="12.28291">
        <ele>2029</ele>
      </trkpt>
      <trkpt lat="46.558424" lon="12.282863">
        <ele>2028.25</ele>
      </trkpt>
      <trkpt lat="46.558482" lon="12.28286">
        <ele>2029.5</ele>
      </trkpt>
      <trkpt lat="46.558594" lon="12.28264">
        <ele>2029.25</ele>
      </trkpt>
      <trkpt lat="46.558585" lon="12.282503">
        <ele>2027.25</ele>
      </trkpt>
      <trkpt lat="46.558584" lon="12.282502">
        <ele>2027.25</ele>
      </trkpt>
      <trkpt lat="46.558553" lon="12.282012">
        <ele>2020.25</ele>
      </trkpt>
      <trkpt lat="46.558415" lon="12.281419">
        <ele>2010.75</ele>
      </trkpt>
      <trkpt lat="46.558368" lon="12.281214">
        <ele>2007.75</ele>
      </trkpt>
      <trkpt lat="46.55833" lon="12.280648">
        <ele>2001</ele>
      </trkpt>
      <trkpt lat="46.558298" lon="12.280591">
        <ele>1999.75</ele>
      </trkpt>
      <trkpt lat="46.558267" lon="12.280558">
        <ele>1999</ele>
      </trkpt>
      <trkpt lat="46.558237" lon="12.280549">
        <ele>1998.25</ele>
      </trkpt>
      <trkpt lat="46.558177" lon="12.280548">
        <ele>1997</ele>
      </trkpt>
      <trkpt lat="46.558151" lon="12.280538">
        <ele>1996.5</ele>
      </trkpt>
      <trkpt lat="46.558113" lon="12.280489">
        <ele>1995.25</ele>
      </trkpt>
      <trkpt lat="46.558045" lon="12.280344">
        <ele>1993</ele>
      </trkpt>
      <trkpt lat="46.558029" lon="12.28026">
        <ele>1992</ele>
      </trkpt>
      <trkpt lat="46.558038" lon="12.280178">
        <ele>1991.5</ele>
      </trkpt>
      <trkpt lat="46.558062" lon="12.280111">
        <ele>1991.5</ele>
      </trkpt>
      <trkpt lat="46.55808" lon="12.280081">
        <ele>1991.75</ele>
      </trkpt>
      <trkpt lat="46.558104" lon="12.280045">
        <ele>1991.75</ele>
      </trkpt>
      <trkpt lat="46.558207" lon="12.279972">
        <ele>1992.5</ele>
      </trkpt>
      <trkpt lat="46.558301" lon="12.279935">
        <ele>1993.75</ele>
      </trkpt>
      <trkpt lat="46.558355" lon="12.279939">
        <ele>1994</ele>
      </trkpt>
      <trkpt lat="46.558456" lon="12.279946">
        <ele>1993.5</ele>
      </trkpt>
      <trkpt lat="46.559049" lon="12.279949">
        <ele>1989.5</ele>
      </trkpt>
      <trkpt lat="46.559481" lon="12.280099">
        <ele>1988.25</ele>
      </trkpt>
      <trkpt lat="46.559779" lon="12.280145">
        <ele>1985.5</ele>
      </trkpt>
      <trkpt lat="46.559874" lon="12.280079">
        <ele>1983</ele>
      </trkpt>
      <trkpt lat="46.559877" lon="12.280044">
        <ele>1982.25</ele>
      </trkpt>
      <trkpt lat="46.559926" lon="12.279911">
        <ele>1979.75</ele>
      </trkpt>
      <trkpt lat="46.559951" lon="12.279812">
        <ele>1978</ele>
      </trkpt>
      <trkpt lat="46.559961" lon="12.279741">
        <ele>1977.25</ele>
      </trkpt>
      <trkpt lat="46.559956" lon="12.279588">
        <ele>1975.25</ele>
      </trkpt>
      <trkpt lat="46.559993" lon="12.279494">
        <ele>1973.75</ele>
      </trkpt>
      <trkpt lat="46.560028" lon="12.27927">
        <ele>1971.25</ele>
      </trkpt>
      <trkpt lat="46.560067" lon="12.279122">
        <ele>1969.5</ele>
      </trkpt>
      <trkpt lat="46.560081" lon="12.278968">
        <ele>1968</ele>
      </trkpt>
      <trkpt lat="46.560077" lon="12.278796">
        <ele>1966</ele>
      </trkpt>
      <trkpt lat="46.560093" lon="12.27868">
        <ele>1965</ele>
      </trkpt>
      <trkpt lat="46.560128" lon="12.278566">
        <ele>1963.75</ele>
      </trkpt>
      <trkpt lat="46.560179" lon="12.278497">
        <ele>1963.25</ele>
      </trkpt>
      <trkpt lat="46.560384" lon="12.278269">
        <ele>1961.5</ele>
      </trkpt>
      <trkpt lat="46.560477" lon="12.278147">
        <ele>1960.75</ele>
      </trkpt>
      <trkpt lat="46.560528" lon="12.278099">
        <ele>1960.25</ele>
      </trkpt>
      <trkpt lat="46.560572" lon="12.278059">
        <ele>1960.25</ele>
      </trkpt>
      <trkpt lat="46.560616" lon="12.277979">
        <ele>1959.75</ele>
      </trkpt>
      <trkpt lat="46.560636" lon="12.277891">
        <ele>1959.25</ele>
      </trkpt>
      <trkpt lat="46.560692" lon="12.277737">
        <ele>1958.25</ele>
      </trkpt>
      <trkpt lat="46.560779" lon="12.277597">
        <ele>1958</ele>
      </trkpt>
      <trkpt lat="46.560857" lon="12.277487">
        <ele>1958</ele>
      </trkpt>
      <trkpt lat="46.561043" lon="12.277398">
        <ele>1959</ele>
      </trkpt>
      <trkpt lat="46.561066" lon="12.277356">
        <ele>1959</ele>
      </trkpt>
      <trkpt lat="46.561075" lon="12.277293">
        <ele>1958.5</ele>
      </trkpt>
      <trkpt lat="46.561189" lon="12.277127">
        <ele>1958.75</ele>
      </trkpt>
      <trkpt lat="46.561194" lon="12.277054">
        <ele>1958.5</ele>
      </trkpt>
      <trkpt lat="46.561155" lon="12.276992">
        <ele>1957.75</ele>
      </trkpt>
      <trkpt lat="46.561023" lon="12.276924">
        <ele>1955.5</ele>
      </trkpt>
      <trkpt lat="46.560964" lon="12.276857">
        <ele>1954.25</ele>
      </trkpt>
      <trkpt lat="46.560846" lon="12.276807">
        <ele>1952.25</ele>
      </trkpt>
      <trkpt lat="46.560796" lon="12.276798">
        <ele>1951.25</ele>
      </trkpt>
      <trkpt lat="46.560744" lon="12.276734">
        <ele>1949.75</ele>
      </trkpt>
      <trkpt lat="46.560673" lon="12.276704">
        <ele>1948.25</ele>
      </trkpt>
      <trkpt lat="46.560581" lon="12.276679">
        <ele>1946.25</ele>
      </trkpt>
      <trkpt lat="46.560516" lon="12.276689">
        <ele>1945</ele>
      </trkpt>
      <trkpt lat="46.560483" lon="12.276709">
        <ele>1944.75</ele>
      </trkpt>
      <trkpt lat="46.560465" lon="12.27675">
        <ele>1944.75</ele>
      </trkpt>
      <trkpt lat="46.560454" lon="12.276812">
        <ele>1945.25</ele>
      </trkpt>
      <trkpt lat="46.560453" lon="12.276986">
        <ele>1947.5</ele>
      </trkpt>
      <trkpt lat="46.560444" lon="12.277026">
        <ele>1947.75</ele>
      </trkpt>
      <trkpt lat="46.560422" lon="12.277061">
        <ele>1948</ele>
      </trkpt>
      <trkpt lat="46.560389" lon="12.27707">
        <ele>1947.5</ele>
      </trkpt>
      <trkpt lat="46.560274" lon="12.277033">
        <ele>1945.25</ele>
      </trkpt>
      <trkpt lat="46.560095" lon="12.277062">
        <ele>1943</ele>
      </trkpt>
      <trkpt lat="46.559989" lon="12.277121">
        <ele>1942.25</ele>
      </trkpt>
      <trkpt lat="46.559913" lon="12.277332">
        <ele>1945</ele>
      </trkpt>
      <trkpt lat="46.559796" lon="12.277626">
        <ele>1949</ele>
      </trkpt>
      <trkpt lat="46.559737" lon="12.277652">
        <ele>1949</ele>
      </trkpt>
      <trkpt lat="46.559532" lon="12.277593">
        <ele>1946</ele>
      </trkpt>
      <trkpt lat="46.559362" lon="12.277632">
        <ele>1945.25</ele>
      </trkpt>
      <trkpt lat="46.559291" lon="12.277573">
        <ele>1943.5</ele>
      </trkpt>
      <trkpt lat="46.558951" lon="12.277139">
        <ele>1935.25</ele>
      </trkpt>
      <trkpt lat="46.558828" lon="12.277089">
        <ele>1935</ele>
      </trkpt>
      <trkpt lat="46.558725" lon="12.277115">
        <ele>1936.75</ele>
      </trkpt>
      <trkpt lat="46.558684" lon="12.277096">
        <ele>1936.5</ele>
      </trkpt>
      <trkpt lat="46.558419" lon="12.276666">
        <ele>1926.5</ele>
      </trkpt>
      <trkpt lat="46.558097" lon="12.276272">
        <ele>1916.5</ele>
      </trkpt>
      <trkpt lat="46.557817" lon="12.27615">
        <ele>1912</ele>
      </trkpt>
      <trkpt lat="46.557426" lon="12.276163">
        <ele>1909.25</ele>
      </trkpt>
      <trkpt lat="46.557001" lon="12.276379">
        <ele>1905</ele>
      </trkpt>
      <trkpt lat="46.556528" lon="12.276745">
        <ele>1899.75</ele>
      </trkpt>
      <trkpt lat="46.556274" lon="12.27716">
        <ele>1898</ele>
      </trkpt>
      <trkpt lat="46.556105" lon="12.27732">
        <ele>1893.75</ele>
      </trkpt>
      <trkpt lat="46.555969" lon="12.277626">
        <ele>1892.5</ele>
      </trkpt>
      <trkpt lat="46.555704" lon="12.277869">
        <ele>1886</ele>
      </trkpt>
      <trkpt lat="46.555281" lon="12.2787">
        <ele>1880</ele>
      </trkpt>
      <trkpt lat="46.555075" lon="12.279259">
        <ele>1878</ele>
      </trkpt>
      <trkpt lat="46.555027" lon="12.279392">
        <ele>1877.75</ele>
      </trkpt>
      <trkpt lat="46.554937" lon="12.279668">
        <ele>1878.75</ele>
      </trkpt>
      <trkpt lat="46.554866" lon="12.279785">
        <ele>1877.5</ele>
      </trkpt>
      <trkpt lat="46.554775" lon="12.279961">
        <ele>1876.25</ele>
      </trkpt>
      <trkpt lat="46.554681" lon="12.280175">
        <ele>1873.5</ele>
      </trkpt>
      <trkpt lat="46.554617" lon="12.280396">
        <ele>1871.5</ele>
      </trkpt>
      <trkpt lat="46.554596" lon="12.280586">
        <ele>1871</ele>
      </trkpt>
      <trkpt lat="46.55454" lon="12.280774">
        <ele>1869</ele>
      </trkpt>
      <trkpt lat="46.554521" lon="12.281038">
        <ele>1864.75</ele>
      </trkpt>
      <trkpt lat="46.554601" lon="12.281466">
        <ele>1861.75</ele>
      </trkpt>
      <trkpt lat="46.554644" lon="12.281759">
        <ele>1858.25</ele>
      </trkpt>
      <trkpt lat="46.554809" lon="12.281983">
        <ele>1861</ele>
      </trkpt>
      <trkpt lat="46.554913" lon="12.282043">
        <ele>1864.25</ele>
      </trkpt>
      <trkpt lat="46.555032" lon="12.282152">
        <ele>1867</ele>
      </trkpt>
      <trkpt lat="46.555049" lon="12.2822">
        <ele>1866.75</ele>
      </trkpt>
      <trkpt lat="46.55505" lon="12.282234">
        <ele>1865.75</ele>
      </trkpt>
      <trkpt lat="46.555036" lon="12.282268">
        <ele>1864.25</ele>
      </trkpt>
      <trkpt lat="46.555018" lon="12.282289">
        <ele>1862.75</ele>
      </trkpt>
      <trkpt lat="46.55498" lon="12.282276">
        <ele>1861.25</ele>
      </trkpt>
      <trkpt lat="46.554854" lon="12.282119">
        <ele>1859.5</ele>
      </trkpt>
      <trkpt lat="46.554733" lon="12.282052">
        <ele>1855.5</ele>
      </trkpt>
      <trkpt lat="46.554491" lon="12.281851">
        <ele>1848.5</ele>
      </trkpt>
      <trkpt lat="46.554413" lon="12.281713">
        <ele>1847.5</ele>
      </trkpt>
      <trkpt lat="46.554352" lon="12.281584">
        <ele>1846.75</ele>
      </trkpt>
      <trkpt lat="46.554261" lon="12.281453">
        <ele>1844.25</ele>
      </trkpt>
      <trkpt lat="46.554169" lon="12.281354">
        <ele>1841.25</ele>
      </trkpt>
      <trkpt lat="46.553949" lon="12.281198">
        <ele>1832.75</ele>
      </trkpt>
      <trkpt lat="46.553904" lon="12.281101">
        <ele>1832.25</ele>
      </trkpt>
      <trkpt lat="46.553855" lon="12.280921">
        <ele>1833.25</ele>
      </trkpt>
      <trkpt lat="46.553811" lon="12.280722">
        <ele>1833</ele>
      </trkpt>
      <trkpt lat="46.553736" lon="12.280448">
        <ele>1830.25</ele>
      </trkpt>
      <trkpt lat="46.553655" lon="12.280207">
        <ele>1827.25</ele>
      </trkpt>
      <trkpt lat="46.553421" lon="12.279668">
        <ele>1817.25</ele>
      </trkpt>
      <trkpt lat="46.553377" lon="12.279429">
        <ele>1815.5</ele>
      </trkpt>
      <trkpt lat="46.553204" lon="12.279152">
        <ele>1810.25</ele>
      </trkpt>
      <trkpt lat="46.553087" lon="12.278886">
        <ele>1806.25</ele>
      </trkpt>
      <trkpt lat="46.55294" lon="12.278647">
        <ele>1801.25</ele>
      </trkpt>
      <trkpt lat="46.552853" lon="12.278442">
        <ele>1797.75</ele>
      </trkpt>
      <trkpt lat="46.552794" lon="12.278204">
        <ele>1795.25</ele>
      </trkpt>
      <trkpt lat="46.552784" lon="12.278011">
        <ele>1794</ele>
      </trkpt>
      <trkpt lat="46.552606" lon="12.277761">
        <ele>1787.5</ele>
      </trkpt>
      <trkpt lat="46.552506" lon="12.277587">
        <ele>1783.5</ele>
      </trkpt>
      <trkpt lat="46.552446" lon="12.277337">
        <ele>1780.75</ele>
      </trkpt>
      <trkpt lat="46.552393" lon="12.277151">
        <ele>1778.5</ele>
      </trkpt>
      <trkpt lat="46.552245" lon="12.27688">
        <ele>1773</ele>
      </trkpt>
      <trkpt lat="46.552172" lon="12.27649">
        <ele>1769.25</ele>
      </trkpt>
      <trkpt lat="46.552084" lon="12.276092">
        <ele>1765</ele>
      </trkpt>
      <trkpt lat="46.551805" lon="12.275353">
        <ele>1756</ele>
      </trkpt>
      <trkpt lat="46.551688" lon="12.275071">
        <ele>1752.5</ele>
      </trkpt>
      <trkpt lat="46.551572" lon="12.274975">
        <ele>1749.75</ele>
      </trkpt>
      <trkpt lat="46.551472" lon="12.275048">
        <ele>1748.25</ele>
      </trkpt>
      <trkpt lat="46.551346" lon="12.275171">
        <ele>1745.75</ele>
      </trkpt>
      <trkpt lat="46.551307" lon="12.27519">
        <ele>1745</ele>
      </trkpt>
      <trkpt lat="46.551256" lon="12.275175">
        <ele>1744</ele>
      </trkpt>
      <trkpt lat="46.551014" lon="12.275205">
        <ele>1739</ele>
      </trkpt>
      <trkpt lat="46.550879" lon="12.275094">
        <ele>1736.5</ele>
      </trkpt>
      <trkpt lat="46.550807" lon="12.274977">
        <ele>1735</ele>
      </trkpt>
      <trkpt lat="46.55081" lon="12.274815">
        <ele>1734.25</ele>
      </trkpt>
      <trkpt lat="46.551003" lon="12.274588">
        <ele>1736.5</ele>
      </trkpt>
      <trkpt lat="46.551131" lon="12.274195">
        <ele>1736.5</ele>
      </trkpt>
      <trkpt lat="46.551215" lon="12.273731">
        <ele>1731.75</ele>
      </trkpt>
      <trkpt lat="46.551266" lon="12.273561">
        <ele>1730.25</ele>
      </trkpt>
      <trkpt lat="46.551388" lon="12.273465">
        <ele>1730.5</ele>
      </trkpt>
      <trkpt lat="46.551608" lon="12.273408">
        <ele>1732.5</ele>
      </trkpt>
      <trkpt lat="46.551756" lon="12.273274">
        <ele>1733.5</ele>
      </trkpt>
      <trkpt lat="46.551756" lon="12.273112">
        <ele>1732.5</ele>
      </trkpt>
      <trkpt lat="46.551756" lon="12.273059">
        <ele>1732.25</ele>
      </trkpt>
      <trkpt lat="46.551634" lon="12.273">
        <ele>1729.5</ele>
      </trkpt>
      <trkpt lat="46.551309" lon="12.273067">
        <ele>1725.75</ele>
      </trkpt>
      <trkpt lat="46.551144" lon="12.273011">
        <ele>1723.25</ele>
      </trkpt>
      <trkpt lat="46.551052" lon="12.272944">
        <ele>1721.5</ele>
      </trkpt>
      <trkpt lat="46.55103" lon="12.272656">
        <ele>1719</ele>
      </trkpt>
      <trkpt lat="46.551114" lon="12.27226">
        <ele>1715.75</ele>
      </trkpt>
      <trkpt lat="46.551294" lon="12.27193">
        <ele>1714</ele>
      </trkpt>
      <trkpt lat="46.551409" lon="12.271761">
        <ele>1713.75</ele>
      </trkpt>
      <trkpt lat="46.551435" lon="12.271546">
        <ele>1713.25</ele>
      </trkpt>
      <trkpt lat="46.551342" lon="12.27139">
        <ele>1712</ele>
      </trkpt>
      <trkpt lat="46.551243" lon="12.271332">
        <ele>1710.25</ele>
      </trkpt>
      <trkpt lat="46.550947" lon="12.270829">
        <ele>1704.25</ele>
      </trkpt>
      <trkpt lat="46.550624" lon="12.270201">
        <ele>1696</ele>
      </trkpt>
      <trkpt lat="46.550461" lon="12.269239">
        <ele>1684.75</ele>
      </trkpt>
      <trkpt lat="46.550531" lon="12.268939">
        <ele>1682</ele>
      </trkpt>
      <trkpt lat="46.550673" lon="12.268655">
        <ele>1680.75</ele>
      </trkpt>
      <trkpt lat="46.55079" lon="12.268499">
        <ele>1681</ele>
      </trkpt>
      <trkpt lat="46.551184" lon="12.267391">
        <ele>1670.25</ele>
      </trkpt>
      <trkpt lat="46.551292" lon="12.267062">
        <ele>1664.5</ele>
      </trkpt>
      <trkpt lat="46.551387" lon="12.266842">
        <ele>1660.75</ele>
      </trkpt>
      <trkpt lat="46.551484" lon="12.266753">
        <ele>1660</ele>
      </trkpt>
      <trkpt lat="46.551629" lon="12.266541">
        <ele>1657</ele>
      </trkpt>
      <trkpt lat="46.551726" lon="12.266316">
        <ele>1651.5</ele>
      </trkpt>
      <trkpt lat="46.551917" lon="12.266203">
        <ele>1648</ele>
      </trkpt>
      <trkpt lat="46.552198" lon="12.266117">
        <ele>1644.5</ele>
      </trkpt>
      <trkpt lat="46.552308" lon="12.266141">
        <ele>1645</ele>
      </trkpt>
      <trkpt lat="46.552306" lon="12.266141">
        <ele>1645</ele>
      </trkpt>
      <trkpt lat="46.55239" lon="12.26616">
        <ele>1645.5</ele>
      </trkpt>
      <trkpt lat="46.55263" lon="12.266182">
        <ele>1648</ele>
      </trkpt>
      <trkpt lat="46.552814" lon="12.266123">
        <ele>1648.25</ele>
      </trkpt>
      <trkpt lat="46.552988" lon="12.265833">
        <ele>1638.25</ele>
      </trkpt>
      <trkpt lat="46.553131" lon="12.265628">
        <ele>1633.5</ele>
      </trkpt>
      <trkpt lat="46.553375" lon="12.265399">
        <ele>1630.25</ele>
      </trkpt>
      <trkpt lat="46.553445" lon="12.265238">
        <ele>1626.5</ele>
      </trkpt>
      <trkpt lat="46.553439" lon="12.264744">
        <ele>1612.5</ele>
      </trkpt>
      <trkpt lat="46.553701" lon="12.264314">
        <ele>1606</ele>
      </trkpt>
      <trkpt lat="46.553834" lon="12.264063">
        <ele>1603.75</ele>
      </trkpt>
      <trkpt lat="46.55394" lon="12.263694">
        <ele>1603.75</ele>
      </trkpt>
      <trkpt lat="46.554081" lon="12.263158">
        <ele>1604.25</ele>
      </trkpt>
      <trkpt lat="46.554049" lon="12.262362">
        <ele>1600.25</ele>
      </trkpt>
      <trkpt lat="46.554048" lon="12.262264">
        <ele>1599.75</ele>
      </trkpt>
      <trkpt lat="46.554067" lon="12.262191">
        <ele>1599.75</ele>
      </trkpt>
      <trkpt lat="46.554107" lon="12.262119">
        <ele>1600.25</ele>
      </trkpt>
      <trkpt lat="46.554231" lon="12.262008">
        <ele>1601.5</ele>
      </trkpt>
      <trkpt lat="46.554404" lon="12.261671">
        <ele>1603</ele>
      </trkpt>
      <trkpt lat="46.55443" lon="12.261532">
        <ele>1602.75</ele>
      </trkpt>
      <trkpt lat="46.554422" lon="12.261431">
        <ele>1602.25</ele>
      </trkpt>
      <trkpt lat="46.554383" lon="12.261353">
        <ele>1601.25</ele>
      </trkpt>
      <trkpt lat="46.554314" lon="12.261299">
        <ele>1599.75</ele>
      </trkpt>
      <trkpt lat="46.554161" lon="12.261291">
        <ele>1597</ele>
      </trkpt>
      <trkpt lat="46.554007" lon="12.261321">
        <ele>1595</ele>
      </trkpt>
      <trkpt lat="46.554049" lon="12.260994">
        <ele>1594</ele>
      </trkpt>
      <trkpt lat="46.554167" lon="12.260765">
        <ele>1596</ele>
      </trkpt>
      <trkpt lat="46.554145" lon="12.260535">
        <ele>1599.5</ele>
      </trkpt>
      <trkpt lat="46.554035" lon="12.260329">
        <ele>1600</ele>
      </trkpt>
      <trkpt lat="46.553939" lon="12.260282">
        <ele>1598</ele>
      </trkpt>
      <trkpt lat="46.553745" lon="12.260235">
        <ele>1593.25</ele>
      </trkpt>
      <trkpt lat="46.553646" lon="12.26019">
        <ele>1590.75</ele>
      </trkpt>
      <trkpt lat="46.553543" lon="12.260179">
        <ele>1588</ele>
      </trkpt>
      <trkpt lat="46.553456" lon="12.260124">
        <ele>1585.5</ele>
      </trkpt>
      <trkpt lat="46.553368" lon="12.260051">
        <ele>1583</ele>
      </trkpt>
      <trkpt lat="46.553184" lon="12.259796">
        <ele>1578.25</ele>
      </trkpt>
      <trkpt lat="46.552973" lon="12.259654">
        <ele>1571.25</ele>
      </trkpt>
      <trkpt lat="46.55279" lon="12.25942">
        <ele>1563.5</ele>
      </trkpt>
      <trkpt lat="46.552561" lon="12.259191">
        <ele>1552</ele>
      </trkpt>
      <trkpt lat="46.552428" lon="12.25892">
        <ele>1545.25</ele>
      </trkpt>
      <trkpt lat="46.552338" lon="12.258443">
        <ele>1537.5</ele>
      </trkpt>
      <trkpt lat="46.552231" lon="12.258245">
        <ele>1531.25</ele>
      </trkpt>
      <trkpt lat="46.552223" lon="12.25823">
        <ele>1531</ele>
      </trkpt>
      <trkpt lat="46.552176" lon="12.257867">
        <ele>1522.75</ele>
      </trkpt>
      <trkpt lat="46.552283" lon="12.257723">
        <ele>1522</ele>
      </trkpt>
      <trkpt lat="46.552287" lon="12.257548">
        <ele>1518.5</ele>
      </trkpt>
      <trkpt lat="46.552213" lon="12.25728">
        <ele>1514.25</ele>
      </trkpt>
      <trkpt lat="46.551904" lon="12.256868">
        <ele>1505.75</ele>
      </trkpt>
      <trkpt lat="46.551899" lon="12.25661">
        <ele>1504.25</ele>
      </trkpt>
      <trkpt lat="46.55187" lon="12.256464">
        <ele>1502.75</ele>
      </trkpt>
      <trkpt lat="46.55169" lon="12.256206">
        <ele>1497.5</ele>
      </trkpt>
      <trkpt lat="46.551552" lon="12.255679">
        <ele>1494</ele>
      </trkpt>
      <trkpt lat="46.55157" lon="12.255303">
        <ele>1496.5</ele>
      </trkpt>
      <trkpt lat="46.551479" lon="12.255074">
        <ele>1495.75</ele>
      </trkpt>
      <trkpt lat="46.551208" lon="12.254615">
        <ele>1489.5</ele>
      </trkpt>
      <trkpt lat="46.551126" lon="12.254244">
        <ele>1486.75</ele>
      </trkpt>
      <trkpt lat="46.550883" lon="12.254047">
        <ele>1477.5</ele>
      </trkpt>
      <trkpt lat="46.55075" lon="12.253717">
        <ele>1473.25</ele>
      </trkpt>
      <trkpt lat="46.550594" lon="12.253451">
        <ele>1468.75</ele>
      </trkpt>
      <trkpt lat="46.550342" lon="12.252873">
        <ele>1456</ele>
      </trkpt>
      <trkpt lat="46.55031" lon="12.252716">
        <ele>1453.25</ele>
      </trkpt>
      <trkpt lat="46.55032" lon="12.252636">
        <ele>1452.75</ele>
      </trkpt>
      <trkpt lat="46.550375" lon="12.252514">
        <ele>1452.75</ele>
      </trkpt>
      <trkpt lat="46.5504" lon="12.252383">
        <ele>1451.5</ele>
      </trkpt>
      <trkpt lat="46.550385" lon="12.252275">
        <ele>1449.25</ele>
      </trkpt>
      <trkpt lat="46.55016" lon="12.251914">
        <ele>1438.25</ele>
      </trkpt>
      <trkpt lat="46.550075" lon="12.251834">
        <ele>1435.5</ele>
      </trkpt>
      <trkpt lat="46.550011" lon="12.251739">
        <ele>1433</ele>
      </trkpt>
      <trkpt lat="46.549956" lon="12.251673">
        <ele>1431</ele>
      </trkpt>
      <trkpt lat="46.549895" lon="12.251623">
        <ele>1428.75</ele>
      </trkpt>
      <trkpt lat="46.549826" lon="12.251529">
        <ele>1426</ele>
      </trkpt>
      <trkpt lat="46.549768" lon="12.251489">
        <ele>1424</ele>
      </trkpt>
      <trkpt lat="46.549629" lon="12.251358">
        <ele>1419.25</ele>
      </trkpt>
      <trkpt lat="46.549562" lon="12.251294">
        <ele>1417.25</ele>
      </trkpt>
      <trkpt lat="46.549482" lon="12.251201">
        <ele>1414.5</ele>
      </trkpt>
      <trkpt lat="46.549402" lon="12.251084">
        <ele>1411.75</ele>
      </trkpt>
      <trkpt lat="46.549342" lon="12.250942">
        <ele>1409</ele>
      </trkpt>
      <trkpt lat="46.549289" lon="12.250895">
        <ele>1407.75</ele>
      </trkpt>
      <trkpt lat="46.549206" lon="12.250882">
        <ele>1406</ele>
      </trkpt>
      <trkpt lat="46.548978" lon="12.250918">
        <ele>1402.75</ele>
      </trkpt>
      <trkpt lat="46.548931" lon="12.250897">
        <ele>1401.75</ele>
      </trkpt>
      <trkpt lat="46.548869" lon="12.25086">
        <ele>1400.5</ele>
      </trkpt>
      <trkpt lat="46.548604" lon="12.250604">
        <ele>1395.25</ele>
      </trkpt>
      <trkpt lat="46.548292" lon="12.250321">
        <ele>1388.75</ele>
      </trkpt>
      <trkpt lat="46.548208" lon="12.250267">
        <ele>1387.25</ele>
      </trkpt>
      <trkpt lat="46.548014" lon="12.250218">
        <ele>1384.25</ele>
      </trkpt>
      <trkpt lat="46.547871" lon="12.250115">
        <ele>1381.75</ele>
      </trkpt>
      <trkpt lat="46.547468" lon="12.249618">
        <ele>1374.75</ele>
      </trkpt>
      <trkpt lat="46.547381" lon="12.249553">
        <ele>1373.75</ele>
      </trkpt>
      <trkpt lat="46.5472" lon="12.249494">
        <ele>1372.25</ele>
      </trkpt>
      <trkpt lat="46.547129" lon="12.249457">
        <ele>1371.75</ele>
      </trkpt>
      <trkpt lat="46.547044" lon="12.249362">
        <ele>1371</ele>
      </trkpt>
      <trkpt lat="46.546876" lon="12.2491">
        <ele>1370.5</ele>
      </trkpt>
      <trkpt lat="46.54662" lon="12.24876">
        <ele>1370.5</ele>
      </trkpt>
      <trkpt lat="46.546889" lon="12.248599">
        <ele>1373</ele>
      </trkpt>
      <trkpt lat="46.546742" lon="12.248105">
        <ele>1374</ele>
      </trkpt>
      <trkpt lat="46.546595" lon="12.247611">
        <ele>1375</ele>
      </trkpt>
      <trkpt lat="46.546558" lon="12.247384">
        <ele>1375.75</ele>
      </trkpt>
      <trkpt lat="46.546556" lon="12.247306">
        <ele>1376.25</ele>
      </trkpt>
      <trkpt lat="46.546556" lon="12.246284">
        <ele>1383.5</ele>
      </trkpt>
      <trkpt lat="46.546547" lon="12.24597">
        <ele>1387</ele>
      </trkpt>
      <trkpt lat="46.54651" lon="12.245579">
        <ele>1386.25</ele>
      </trkpt>
      <trkpt lat="46.546453" lon="12.245211">
        <ele>1382.75</ele>
      </trkpt>
      <trkpt lat="46.546407" lon="12.244976">
        <ele>1380.75</ele>
      </trkpt>
      <trkpt lat="46.546354" lon="12.244762">
        <ele>1379.75</ele>
      </trkpt>
      <trkpt lat="46.54631" lon="12.244487">
        <ele>1378.75</ele>
      </trkpt>
      <trkpt lat="46.546281" lon="12.2442">
        <ele>1377.75</ele>
      </trkpt>
      <trkpt lat="46.546264" lon="12.243913">
        <ele>1378.5</ele>
      </trkpt>
      <trkpt lat="46.546277" lon="12.243694">
        <ele>1379.75</ele>
      </trkpt>
      <trkpt lat="46.546318" lon="12.243482">
        <ele>1381.25</ele>
      </trkpt>
      <trkpt lat="46.546168" lon="12.243364">
        <ele>1379.5</ele>
      </trkpt>
      <trkpt lat="46.546013" lon="12.243265">
        <ele>1377.25</ele>
      </trkpt>
      <trkpt lat="46.545402" lon="12.243019">
        <ele>1378</ele>
      </trkpt>
      <trkpt lat="46.545127" lon="12.242918">
        <ele>1380.25</ele>
      </trkpt>
      <trkpt lat="46.545058" lon="12.242904">
        <ele>1380.75</ele>
      </trkpt>
      <trkpt lat="46.544984" lon="12.242908">
        <ele>1380.75</ele>
      </trkpt>
      <trkpt lat="46.544627" lon="12.24302">
        <ele>1377.5</ele>
      </trkpt>
      <trkpt lat="46.544552" lon="12.243026">
        <ele>1377</ele>
      </trkpt>
      <trkpt lat="46.544488" lon="12.242999">
        <ele>1376.75</ele>
      </trkpt>
      <trkpt lat="46.544426" lon="12.242944">
        <ele>1376.5</ele>
      </trkpt>
      <trkpt lat="46.544322" lon="12.242778">
        <ele>1376.5</ele>
      </trkpt>
      <trkpt lat="46.544204" lon="12.242552">
        <ele>1376.25</ele>
      </trkpt>
      <trkpt lat="46.544123" lon="12.24247">
        <ele>1376</ele>
      </trkpt>
      <trkpt lat="46.544009" lon="12.242444">
        <ele>1375.75</ele>
      </trkpt>
      <trkpt lat="46.543893" lon="12.241775">
        <ele>1382.25</ele>
      </trkpt>
      <trkpt lat="46.543869" lon="12.241645">
        <ele>1383</ele>
      </trkpt>
      <trkpt lat="46.543749" lon="12.240992">
        <ele>1387</ele>
      </trkpt>
      <trkpt lat="46.543545" lon="12.240532">
        <ele>1390.25</ele>
      </trkpt>
      <trkpt lat="46.542771" lon="12.240082">
        <ele>1380.75</ele>
      </trkpt>
      <trkpt lat="46.542311" lon="12.239722">
        <ele>1381</ele>
      </trkpt>
      <trkpt lat="46.541838" lon="12.23924">
        <ele>1381.75</ele>
      </trkpt>
      <trkpt lat="46.541305" lon="12.238794">
        <ele>1377</ele>
      </trkpt>
      <trkpt lat="46.54034" lon="12.238302">
        <ele>1364.5</ele>
      </trkpt>
      <trkpt lat="46.538233" lon="12.238047">
        <ele>1348</ele>
      </trkpt>
      <trkpt lat="46.53781" lon="12.237915">
        <ele>1347.5</ele>
      </trkpt>
      <trkpt lat="46.537418" lon="12.237515">
        <ele>1349.25</ele>
      </trkpt>
      <trkpt lat="46.536986" lon="12.237041">
        <ele>1352</ele>
      </trkpt>
      <trkpt lat="46.536608" lon="12.236786">
        <ele>1351.5</ele>
      </trkpt>
      <trkpt lat="46.536262" lon="12.236636">
        <ele>1353.5</ele>
      </trkpt>
      <trkpt lat="46.535539" lon="12.236764">
        <ele>1354.25</ele>
      </trkpt>
      <trkpt lat="46.535288" lon="12.2368">
        <ele>1356</ele>
      </trkpt>
      <trkpt lat="46.534665" lon="12.236582">
        <ele>1363.25</ele>
      </trkpt>
      <trkpt lat="46.533942" lon="12.236192">
        <ele>1370.25</ele>
      </trkpt>
      <trkpt lat="46.533686" lon="12.236054">
        <ele>1372.75</ele>
      </trkpt>
      <trkpt lat="46.533381" lon="12.235275">
        <ele>1387</ele>
      </trkpt>
      <trkpt lat="46.533473" lon="12.235115">
        <ele>1390.5</ele>
      </trkpt>
      <trkpt lat="46.533551" lon="12.234923">
        <ele>1393.75</ele>
      </trkpt>
      <trkpt lat="46.533455" lon="12.23473">
        <ele>1395.25</ele>
      </trkpt>
      <trkpt lat="46.533299" lon="12.234752">
        <ele>1395.25</ele>
      </trkpt>
      <trkpt lat="46.533087" lon="12.234307">
        <ele>1400</ele>
      </trkpt>
      <trkpt lat="46.532761" lon="12.233979">
        <ele>1405.25</ele>
      </trkpt>
      <trkpt lat="46.532553" lon="12.233965">
        <ele>1406.25</ele>
      </trkpt>
      <trkpt lat="46.531893" lon="12.234247">
        <ele>1410</ele>
      </trkpt>
      <trkpt lat="46.531348" lon="12.233912">
        <ele>1422.75</ele>
      </trkpt>
      <trkpt lat="46.531055" lon="12.233787">
        <ele>1429.75</ele>
      </trkpt>
      <trkpt lat="46.530846" lon="12.233655">
        <ele>1435</ele>
      </trkpt>
      <trkpt lat="46.530664" lon="12.233487">
        <ele>1441</ele>
      </trkpt>
      <trkpt lat="46.530377" lon="12.233532">
        <ele>1448.5</ele>
      </trkpt>
      <trkpt lat="46.529882" lon="12.233588">
        <ele>1462.25</ele>
      </trkpt>
      <trkpt lat="46.529445" lon="12.233811">
        <ele>1476.5</ele>
      </trkpt>
      <trkpt lat="46.528975" lon="12.233908">
        <ele>1489.25</ele>
      </trkpt>
      <trkpt lat="46.528715" lon="12.233886">
        <ele>1493.25</ele>
      </trkpt>
      <trkpt lat="46.528387" lon="12.23375">
        <ele>1498.5</ele>
      </trkpt>
      <trkpt lat="46.527763" lon="12.233145">
        <ele>1521.25</ele>
      </trkpt>
      <trkpt lat="46.527789" lon="12.233008">
        <ele>1522.25</ele>
      </trkpt>
      <trkpt lat="46.527948" lon="12.232991">
        <ele>1517.25</ele>
      </trkpt>
      <trkpt lat="46.528124" lon="12.232837">
        <ele>1514</ele>
      </trkpt>
      <trkpt lat="46.528602" lon="12.232531">
        <ele>1506</ele>
      </trkpt>
      <trkpt lat="46.529015" lon="12.232123">
        <ele>1515.75</ele>
      </trkpt>
      <trkpt lat="46.529372" lon="12.231647">
        <ele>1530.5</ele>
      </trkpt>
      <trkpt lat="46.529321" lon="12.231533">
        <ele>1541</ele>
      </trkpt>
      <trkpt lat="46.529133" lon="12.231705">
        <ele>1534</ele>
      </trkpt>
      <trkpt lat="46.528805" lon="12.231849">
        <ele>1535.75</ele>
      </trkpt>
      <trkpt lat="46.528583" lon="12.231854">
        <ele>1541.75</ele>
      </trkpt>
      <trkpt lat="46.528345" lon="12.231634">
        <ele>1561.25</ele>
      </trkpt>
      <trkpt lat="46.528384" lon="12.231523">
        <ele>1569.75</ele>
      </trkpt>
      <trkpt lat="46.528309" lon="12.23136">
        <ele>1585.75</ele>
      </trkpt>
      <trkpt lat="46.528367" lon="12.231259">
        <ele>1592.5</ele>
      </trkpt>
      <trkpt lat="46.528336" lon="12.230942">
        <ele>1620.5</ele>
      </trkpt>
      <trkpt lat="46.528402" lon="12.230594">
        <ele>1652.75</ele>
      </trkpt>
      <trkpt lat="46.527759" lon="12.230858">
        <ele>1645.75</ele>
      </trkpt>
      <trkpt lat="46.527423" lon="12.231014">
        <ele>1643.5</ele>
      </trkpt>
      <trkpt lat="46.527159" lon="12.230849">
        <ele>1668</ele>
      </trkpt>
      <trkpt lat="46.526732" lon="12.230629">
        <ele>1705</ele>
      </trkpt>
      <trkpt lat="46.526476" lon="12.230549">
        <ele>1724</ele>
      </trkpt>
      <trkpt lat="46.526357" lon="12.230527">
        <ele>1732</ele>
      </trkpt>
      <trkpt lat="46.526326" lon="12.230338">
        <ele>1751.25</ele>
      </trkpt>
      <trkpt lat="46.526392" lon="12.230188">
        <ele>1761.75</ele>
      </trkpt>
      <trkpt lat="46.526353" lon="12.230047">
        <ele>1776.75</ele>
      </trkpt>
      <trkpt lat="46.525991" lon="12.230109">
        <ele>1790.75</ele>
      </trkpt>
      <trkpt lat="46.525678" lon="12.230395">
        <ele>1774.5</ele>
      </trkpt>
      <trkpt lat="46.525365" lon="12.230607">
        <ele>1768.75</ele>
      </trkpt>
      <trkpt lat="46.525026" lon="12.230325">
        <ele>1792</ele>
      </trkpt>
      <trkpt lat="46.524929" lon="12.230045">
        <ele>1801.5</ele>
      </trkpt>
      <trkpt lat="46.524778" lon="12.229607">
        <ele>1816.5</ele>
      </trkpt>
      <trkpt lat="46.524604" lon="12.229409">
        <ele>1822.5</ele>
      </trkpt>
      <trkpt lat="46.524425" lon="12.229381">
        <ele>1823</ele>
      </trkpt>
      <trkpt lat="46.524497" lon="12.229135">
        <ele>1830.25</ele>
      </trkpt>
      <trkpt lat="46.524012" lon="12.22862">
        <ele>1844</ele>
      </trkpt>
      <trkpt lat="46.523684" lon="12.228491">
        <ele>1849</ele>
      </trkpt>
      <trkpt lat="46.52345" lon="12.228446">
        <ele>1851</ele>
      </trkpt>
      <trkpt lat="46.523232" lon="12.228434">
        <ele>1855.25</ele>
      </trkpt>
      <trkpt lat="46.523032" lon="12.22857">
        <ele>1861</ele>
      </trkpt>
      <trkpt lat="46.522812" lon="12.228605">
        <ele>1868.75</ele>
      </trkpt>
      <trkpt lat="46.522628" lon="12.228425">
        <ele>1877</ele>
      </trkpt>
      <trkpt lat="46.522427" lon="12.227896">
        <ele>1886.75</ele>
      </trkpt>
      <trkpt lat="46.522477" lon="12.227454">
        <ele>1886</ele>
      </trkpt>
      <trkpt lat="46.522411" lon="12.226966">
        <ele>1897.75</ele>
      </trkpt>
      <trkpt lat="46.522176" lon="12.22649">
        <ele>1914.5</ele>
      </trkpt>
      <trkpt lat="46.521798" lon="12.225597">
        <ele>1934.5</ele>
      </trkpt>
      <trkpt lat="46.521753" lon="12.22561">
        <ele>1935</ele>
      </trkpt>
      <trkpt lat="46.521844" lon="12.225825">
        <ele>1934.5</ele>
      </trkpt>
      <trkpt lat="46.521813" lon="12.226031">
        <ele>1932.25</ele>
      </trkpt>
      <trkpt lat="46.521721" lon="12.226176">
        <ele>1932.5</ele>
      </trkpt>
      <trkpt lat="46.521779" lon="12.226442">
        <ele>1927.25</ele>
      </trkpt>
      <trkpt lat="46.521759" lon="12.226656">
        <ele>1925</ele>
      </trkpt>
      <trkpt lat="46.521658" lon="12.226778">
        <ele>1928.25</ele>
      </trkpt>
      <trkpt lat="46.521535" lon="12.226692">
        <ele>1932.25</ele>
      </trkpt>
      <trkpt lat="46.521378" lon="12.226869">
        <ele>1936.5</ele>
      </trkpt>
      <trkpt lat="46.521196" lon="12.226964">
        <ele>1941.25</ele>
      </trkpt>
      <trkpt lat="46.520675" lon="12.226842">
        <ele>1959.5</ele>
      </trkpt>
      <trkpt lat="46.520461" lon="12.226654">
        <ele>1968.75</ele>
      </trkpt>
      <trkpt lat="46.520021" lon="12.226541">
        <ele>1984</ele>
      </trkpt>
      <trkpt lat="46.519961" lon="12.226564">
        <ele>1986.25</ele>
      </trkpt>
      <trkpt lat="46.519786" lon="12.226635">
        <ele>1993.25</ele>
      </trkpt>
      <trkpt lat="46.519496" lon="12.226673">
        <ele>2004</ele>
      </trkpt>
      <trkpt lat="46.51925" lon="12.226649">
        <ele>2012.75</ele>
      </trkpt>
      <trkpt lat="46.519046" lon="12.22673">
        <ele>2020.5</ele>
      </trkpt>
      <trkpt lat="46.518935" lon="12.226649">
        <ele>2022.25</ele>
      </trkpt>
      <trkpt lat="46.518807" lon="12.226667">
        <ele>2026.25</ele>
      </trkpt>
      <trkpt lat="46.518605" lon="12.226747">
        <ele>2033.5</ele>
      </trkpt>
      <trkpt lat="46.518322" lon="12.227121">
        <ele>2047.75</ele>
      </trkpt>
      <trkpt lat="46.517953" lon="12.227215">
        <ele>2057.25</ele>
      </trkpt>
      <trkpt lat="46.51792" lon="12.227392">
        <ele>2060</ele>
      </trkpt>
      <trkpt lat="46.517903" lon="12.22763">
        <ele>2063.5</ele>
      </trkpt>
      <trkpt lat="46.517872" lon="12.227655">
        <ele>2064.5</ele>
      </trkpt>
      <trkpt lat="46.517894" lon="12.227869">
        <ele>2067.25</ele>
      </trkpt>
      <trkpt lat="46.517918" lon="12.227976">
        <ele>2068.25</ele>
      </trkpt>
      <trkpt lat="46.517883" lon="12.228153">
        <ele>2071.5</ele>
      </trkpt>
      <trkpt lat="46.517788" lon="12.22834">
        <ele>2076.75</ele>
      </trkpt>
      <trkpt lat="46.517742" lon="12.228835">
        <ele>2081.5</ele>
      </trkpt>
      <trkpt lat="46.517509" lon="12.229289">
        <ele>2090.75</ele>
      </trkpt>
      <trkpt lat="46.51741" lon="12.229885">
        <ele>2096.5</ele>
      </trkpt>
      <trkpt lat="46.517425" lon="12.230283">
        <ele>2095.75</ele>
      </trkpt>
      <trkpt lat="46.51736" lon="12.230575">
        <ele>2094.25</ele>
      </trkpt>
      <trkpt lat="46.517408" lon="12.230833">
        <ele>2093</ele>
      </trkpt>
      <trkpt lat="46.517376" lon="12.231045">
        <ele>2091.75</ele>
      </trkpt>
      <trkpt lat="46.517528" lon="12.231208">
        <ele>2091</ele>
      </trkpt>
      <trkpt lat="46.517436" lon="12.231469">
        <ele>2090</ele>
      </trkpt>
      <trkpt lat="46.517384" lon="12.231541">
        <ele>2089.5</ele>
      </trkpt>
      <trkpt lat="46.517392" lon="12.231634">
        <ele>2089.25</ele>
      </trkpt>
      <trkpt lat="46.517506" lon="12.231782">
        <ele>2090.25</ele>
      </trkpt>
      <trkpt lat="46.517575" lon="12.231988">
        <ele>2091.25</ele>
      </trkpt>
      <trkpt lat="46.517576" lon="12.232236">
        <ele>2094.25</ele>
      </trkpt>
      <trkpt lat="46.517868" lon="12.232458">
        <ele>2090</ele>
      </trkpt>
      <trkpt lat="46.517959" lon="12.232631">
        <ele>2095.75</ele>
      </trkpt>
      <trkpt lat="46.517691" lon="12.233018">
        <ele>2142.5</ele>
      </trkpt>
      <trkpt lat="46.517744" lon="12.233177">
        <ele>2151</ele>
      </trkpt>
      <trkpt lat="46.517724" lon="12.233346">
        <ele>2168.75</ele>
      </trkpt>
      <trkpt lat="46.517763" lon="12.2336">
        <ele>2201.75</ele>
      </trkpt>
      <trkpt lat="46.517896" lon="12.233816">
        <ele>2220.25</ele>
      </trkpt>
      <trkpt lat="46.51807" lon="12.234044">
        <ele>2241</ele>
      </trkpt>
      <trkpt lat="46.518401" lon="12.234154">
        <ele>2221.25</ele>
      </trkpt>
      <trkpt lat="46.518579" lon="12.234352">
        <ele>2213.5</ele>
      </trkpt>
      <trkpt lat="46.518647" lon="12.234341">
        <ele>2196.5</ele>
      </trkpt>
      <trkpt lat="46.518744" lon="12.23446">
        <ele>2202.75</ele>
      </trkpt>
      <trkpt lat="46.518939" lon="12.23482">
        <ele>2264</ele>
      </trkpt>
      <trkpt lat="46.519176" lon="12.235078">
        <ele>2307.25</ele>
      </trkpt>
      <trkpt lat="46.519306" lon="12.235335">
        <ele>2335</ele>
      </trkpt>
      <trkpt lat="46.519471" lon="12.235962">
        <ele>2410.5</ele>
      </trkpt>
      <trkpt lat="46.519565" lon="12.236176">
        <ele>2429</ele>
      </trkpt>
      <trkpt lat="46.519946" lon="12.236012">
        <ele>2393.25</ele>
      </trkpt>
      <trkpt lat="46.520473" lon="12.235867">
        <ele>2336.5</ele>
      </trkpt>
      <trkpt lat="46.520655" lon="12.235935">
        <ele>2331.75</ele>
      </trkpt>
      <trkpt lat="46.520769" lon="12.236143">
        <ele>2350.5</ele>
      </trkpt>
      <trkpt lat="46.521155" lon="12.236122">
        <ele>2313.75</ele>
      </trkpt>
      <trkpt lat="46.521449" lon="12.236251">
        <ele>2303.75</ele>
      </trkpt>
      <trkpt lat="46.521594" lon="12.236224">
        <ele>2287</ele>
      </trkpt>
      <trkpt lat="46.521694" lon="12.236267">
        <ele>2283.5</ele>
      </trkpt>
      <trkpt lat="46.521795" lon="12.236393">
        <ele>2290.5</ele>
      </trkpt>
      <trkpt lat="46.521886" lon="12.236691">
        <ele>2320.5</ele>
      </trkpt>
      <trkpt lat="46.521783" lon="12.237032">
        <ele>2363.25</ele>
      </trkpt>
      <trkpt lat="46.521583" lon="12.237345">
        <ele>2410</ele>
      </trkpt>
      <trkpt lat="46.521557" lon="12.23742">
        <ele>2419</ele>
      </trkpt>
      <trkpt lat="46.521621" lon="12.237512">
        <ele>2422</ele>
      </trkpt>
      <trkpt lat="46.521772" lon="12.237702">
        <ele>2418.5</ele>
      </trkpt>
      <trkpt lat="46.521888" lon="12.237828">
        <ele>2416</ele>
      </trkpt>
      <trkpt lat="46.522063" lon="12.237847">
        <ele>2404.5</ele>
      </trkpt>
      <trkpt lat="46.522143" lon="12.237903">
        <ele>2402</ele>
      </trkpt>
      <trkpt lat="46.522205" lon="12.237815">
        <ele>2392.5</ele>
      </trkpt>
      <trkpt lat="46.522314" lon="12.237817">
        <ele>2385</ele>
      </trkpt>
      <trkpt lat="46.522339" lon="12.238041">
        <ele>2397.25</ele>
      </trkpt>
      <trkpt lat="46.522222" lon="12.238177">
        <ele>2413</ele>
      </trkpt>
      <trkpt lat="46.522235" lon="12.238308">
        <ele>2420</ele>
      </trkpt>
      <trkpt lat="46.522217" lon="12.238505">
        <ele>2425</ele>
      </trkpt>
      <trkpt lat="46.522358" lon="12.238668">
        <ele>2421.25</ele>
      </trkpt>
      <trkpt lat="46.522458" lon="12.238652">
        <ele>2416.5</ele>
      </trkpt>
      <trkpt lat="46.52268" lon="12.238874">
        <ele>2408.25</ele>
      </trkpt>
      <trkpt lat="46.522676" lon="12.238968">
        <ele>2411</ele>
      </trkpt>
      <trkpt lat="46.522729" lon="12.239014">
        <ele>2409</ele>
      </trkpt>
      <trkpt lat="46.522706" lon="12.239227">
        <ele>2413</ele>
      </trkpt>
      <trkpt lat="46.522786" lon="12.239232">
        <ele>2408</ele>
      </trkpt>
      <trkpt lat="46.52305" lon="12.239249">
        <ele>2392.25</ele>
      </trkpt>
      <trkpt lat="46.523168" lon="12.23924">
        <ele>2385.75</ele>
      </trkpt>
      <trkpt lat="46.523169" lon="12.239435">
        <ele>2382.5</ele>
      </trkpt>
      <trkpt lat="46.523154" lon="12.239547">
        <ele>2381.5</ele>
      </trkpt>
      <trkpt lat="46.523272" lon="12.239536">
        <ele>2375.5</ele>
      </trkpt>
      <trkpt lat="46.523515" lon="12.239661">
        <ele>2356.5</ele>
      </trkpt>
      <trkpt lat="46.523533" lon="12.239721">
        <ele>2354.5</ele>
      </trkpt>
      <trkpt lat="46.52355" lon="12.239801">
        <ele>2352.5</ele>
      </trkpt>
      <trkpt lat="46.523625" lon="12.239957">
        <ele>2345.5</ele>
      </trkpt>
      <trkpt lat="46.523662" lon="12.239996">
        <ele>2342.5</ele>
      </trkpt>
      <trkpt lat="46.523721" lon="12.240011">
        <ele>2337.75</ele>
      </trkpt>
      <trkpt lat="46.523762" lon="12.239933">
        <ele>2335.25</ele>
      </trkpt>
      <trkpt lat="46.523839" lon="12.239942">
        <ele>2329.5</ele>
      </trkpt>
      <trkpt lat="46.523993" lon="12.23991">
        <ele>2318</ele>
      </trkpt>
      <trkpt lat="46.524029" lon="12.239947">
        <ele>2315.25</ele>
      </trkpt>
      <trkpt lat="46.524025" lon="12.240008">
        <ele>2315.25</ele>
      </trkpt>
      <trkpt lat="46.52408" lon="12.240138">
        <ele>2307.75</ele>
      </trkpt>
      <trkpt lat="46.524119" lon="12.240163">
        <ele>2304.5</ele>
      </trkpt>
      <trkpt lat="46.524135" lon="12.240257">
        <ele>2301</ele>
      </trkpt>
      <trkpt lat="46.524157" lon="12.240321">
        <ele>2297.75</ele>
      </trkpt>
      <trkpt lat="46.524253" lon="12.240465">
        <ele>2284.5</ele>
      </trkpt>
      <trkpt lat="46.524241" lon="12.240506">
        <ele>2285</ele>
      </trkpt>
      <trkpt lat="46.524338" lon="12.2406">
        <ele>2272.5</ele>
      </trkpt>
      <trkpt lat="46.52437" lon="12.240655">
        <ele>2268.25</ele>
      </trkpt>
      <trkpt lat="46.524324" lon="12.240666">
        <ele>2272.75</ele>
      </trkpt>
      <trkpt lat="46.52428" lon="12.240696">
        <ele>2276.5</ele>
      </trkpt>
      <trkpt lat="46.524305" lon="12.240751">
        <ele>2272.75</ele>
      </trkpt>
      <trkpt lat="46.524385" lon="12.240829">
        <ele>2263</ele>
      </trkpt>
      <trkpt lat="46.524446" lon="12.240952">
        <ele>2252.5</ele>
      </trkpt>
      <trkpt lat="46.52441" lon="12.240977">
        <ele>2255.25</ele>
      </trkpt>
      <trkpt lat="46.524431" lon="12.241042">
        <ele>2250.75</ele>
      </trkpt>
      <trkpt lat="46.524401" lon="12.241039">
        <ele>2253.75</ele>
      </trkpt>
      <trkpt lat="46.524365" lon="12.241078">
        <ele>2255.75</ele>
      </trkpt>
      <trkpt lat="46.524377" lon="12.241109">
        <ele>2253.5</ele>
      </trkpt>
      <trkpt lat="46.524352" lon="12.241163">
        <ele>2254</ele>
      </trkpt>
      <trkpt lat="46.52432" lon="12.241167">
        <ele>2257</ele>
      </trkpt>
      <trkpt lat="46.524342" lon="12.241235">
        <ele>2252.25</ele>
      </trkpt>
      <trkpt lat="46.524367" lon="12.241367">
        <ele>2245</ele>
      </trkpt>
      <trkpt lat="46.524344" lon="12.241404">
        <ele>2245.75</ele>
      </trkpt>
      <trkpt lat="46.524393" lon="12.241485">
        <ele>2238.25</ele>
      </trkpt>
      <trkpt lat="46.524371" lon="12.241508">
        <ele>2239.5</ele>
      </trkpt>
      <trkpt lat="46.52438" lon="12.241568">
        <ele>2236.25</ele>
      </trkpt>
      <trkpt lat="46.524375" lon="12.241617">
        <ele>2235</ele>
      </trkpt>
      <trkpt lat="46.5244" lon="12.241674">
        <ele>2230.5</ele>
      </trkpt>
      <trkpt lat="46.524404" lon="12.241709">
        <ele>2228</ele>
      </trkpt>
      <trkpt lat="46.524369" lon="12.241771">
        <ele>2227.5</ele>
      </trkpt>
      <trkpt lat="46.524313" lon="12.242002">
        <ele>2218.75</ele>
      </trkpt>
      <trkpt lat="46.524297" lon="12.242082">
        <ele>2215.25</ele>
      </trkpt>
      <trkpt lat="46.524318" lon="12.242139">
        <ele>2210</ele>
      </trkpt>
      <trkpt lat="46.524431" lon="12.242103">
        <ele>2202.5</ele>
      </trkpt>
      <trkpt lat="46.524479" lon="12.242077">
        <ele>2200</ele>
      </trkpt>
      <trkpt lat="46.52459" lon="12.241988">
        <ele>2195.5</ele>
      </trkpt>
      <trkpt lat="46.524732" lon="12.241964">
        <ele>2184.5</ele>
      </trkpt>
      <trkpt lat="46.524838" lon="12.242031">
        <ele>2171.75</ele>
      </trkpt>
      <trkpt lat="46.524868" lon="12.242087">
        <ele>2166</ele>
      </trkpt>
      <trkpt lat="46.524867" lon="12.242159">
        <ele>2162.25</ele>
      </trkpt>
      <trkpt lat="46.524859" lon="12.242225">
        <ele>2159.25</ele>
      </trkpt>
      <trkpt lat="46.524816" lon="12.242355">
        <ele>2155.75</ele>
      </trkpt>
      <trkpt lat="46.524883" lon="12.242405">
        <ele>2147.5</ele>
      </trkpt>
      <trkpt lat="46.524983" lon="12.242436">
        <ele>2137.75</ele>
      </trkpt>
      <trkpt lat="46.525008" lon="12.242485">
        <ele>2130.25</ele>
      </trkpt>
      <trkpt lat="46.52508" lon="12.242593">
        <ele>2091.5</ele>
      </trkpt>
      <trkpt lat="46.525145" lon="12.242566">
        <ele>2065.5</ele>
      </trkpt>
      <trkpt lat="46.525316" lon="12.242587">
        <ele>1990.75</ele>
      </trkpt>
      <trkpt lat="46.525391" lon="12.242661">
        <ele>1955</ele>
      </trkpt>
      <trkpt lat="46.525461" lon="12.24271">
        <ele>1923.25</ele>
      </trkpt>
      <trkpt lat="46.525578" lon="12.242694">
        <ele>1874.75</ele>
      </trkpt>
      <trkpt lat="46.525684" lon="12.242727">
        <ele>1829.25</ele>
      </trkpt>
      <trkpt lat="46.525752" lon="12.242957">
        <ele>1795.25</ele>
      </trkpt>
      <trkpt lat="46.525811" lon="12.242993">
        <ele>1771</ele>
      </trkpt>
      <trkpt lat="46.525872" lon="12.243066">
        <ele>1774</ele>
      </trkpt>
      <trkpt lat="46.525902" lon="12.243168">
        <ele>1782.75</ele>
      </trkpt>
      <trkpt lat="46.525944" lon="12.243391">
        <ele>1794</ele>
      </trkpt>
      <trkpt lat="46.525999" lon="12.243429">
        <ele>1813.25</ele>
      </trkpt>
      <trkpt lat="46.526057" lon="12.243538">
        <ele>1833.5</ele>
      </trkpt>
      <trkpt lat="46.526142" lon="12.243635">
        <ele>1865</ele>
      </trkpt>
      <trkpt lat="46.526203" lon="12.243608">
        <ele>1887.75</ele>
      </trkpt>
      <trkpt lat="46.526209" lon="12.243663">
        <ele>1890.25</ele>
      </trkpt>
      <trkpt lat="46.526234" lon="12.243743">
        <ele>1900.5</ele>
      </trkpt>
      <trkpt lat="46.526245" lon="12.24384">
        <ele>1905.75</ele>
      </trkpt>
      <trkpt lat="46.526215" lon="12.24407">
        <ele>1895.25</ele>
      </trkpt>
      <trkpt lat="46.526024" lon="12.244544">
        <ele>1789.5</ele>
      </trkpt>
      <trkpt lat="46.526073" lon="12.24478">
        <ele>1790.75</ele>
      </trkpt>
      <trkpt lat="46.526049" lon="12.244892">
        <ele>1774</ele>
      </trkpt>
      <trkpt lat="46.525997" lon="12.245241">
        <ele>1734.25</ele>
      </trkpt>
      <trkpt lat="46.525965" lon="12.245592">
        <ele>1707.25</ele>
      </trkpt>
      <trkpt lat="46.525832" lon="12.245776">
        <ele>1678.25</ele>
      </trkpt>
      <trkpt lat="46.525724" lon="12.245857">
        <ele>1695</ele>
      </trkpt>
      <trkpt lat="46.525654" lon="12.245893">
        <ele>1704</ele>
      </trkpt>
      <trkpt lat="46.525572" lon="12.245982">
        <ele>1708.25</ele>
      </trkpt>
      <trkpt lat="46.525504" lon="12.246077">
        <ele>1706.75</ele>
      </trkpt>
      <trkpt lat="46.525431" lon="12.24616">
        <ele>1704.25</ele>
      </trkpt>
      <trkpt lat="46.525281" lon="12.246224">
        <ele>1708.75</ele>
      </trkpt>
      <trkpt lat="46.525086" lon="12.246256">
        <ele>1719</ele>
      </trkpt>
      <trkpt lat="46.524883" lon="12.246247">
        <ele>1743.25</ele>
      </trkpt>
      <trkpt lat="46.524754" lon="12.246212">
        <ele>1767</ele>
      </trkpt>
      <trkpt lat="46.52458" lon="12.246132">
        <ele>1802.5</ele>
      </trkpt>
      <trkpt lat="46.52452" lon="12.246072">
        <ele>1818.75</ele>
      </trkpt>
      <trkpt lat="46.524431" lon="12.246166">
        <ele>1814</ele>
      </trkpt>
      <trkpt lat="46.524354" lon="12.246125">
        <ele>1828.75</ele>
      </trkpt>
      <trkpt lat="46.524327" lon="12.246117">
        <ele>1832.75</ele>
      </trkpt>
      <trkpt lat="46.524298" lon="12.246199">
        <ele>1825.5</ele>
      </trkpt>
      <trkpt lat="46.524264" lon="12.246185">
        <ele>1831.25</ele>
      </trkpt>
      <trkpt lat="46.524201" lon="12.246253">
        <ele>1831.25</ele>
      </trkpt>
      <trkpt lat="46.524147" lon="12.246184">
        <ele>1844.75</ele>
      </trkpt>
      <trkpt lat="46.524118" lon="12.246248">
        <ele>1840.5</ele>
      </trkpt>
      <trkpt lat="46.524098" lon="12.246181">
        <ele>1849.5</ele>
      </trkpt>
      <trkpt lat="46.524052" lon="12.246187">
        <ele>1852.75</ele>
      </trkpt>
      <trkpt lat="46.524011" lon="12.246216">
        <ele>1853.5</ele>
      </trkpt>
      <trkpt lat="46.523982" lon="12.246143">
        <ele>1863.5</ele>
      </trkpt>
      <trkpt lat="46.52396" lon="12.24615">
        <ele>1864.75</ele>
      </trkpt>
      <trkpt lat="46.523803" lon="12.246034">
        <ele>1889.5</ele>
      </trkpt>
      <trkpt lat="46.523727" lon="12.245948">
        <ele>1904</ele>
      </trkpt>
      <trkpt lat="46.52366" lon="12.245855">
        <ele>1917.75</ele>
      </trkpt>
      <trkpt lat="46.523359" lon="12.245706">
        <ele>1954</ele>
      </trkpt>
      <trkpt lat="46.523206" lon="12.245498">
        <ele>1978.75</ele>
      </trkpt>
      <trkpt lat="46.523106" lon="12.24547">
        <ele>1985</ele>
      </trkpt>
      <trkpt lat="46.52302" lon="12.245536">
        <ele>1983.75</ele>
      </trkpt>
      <trkpt lat="46.522912" lon="12.245462">
        <ele>1993.25</ele>
      </trkpt>
      <trkpt lat="46.522771" lon="12.245423">
        <ele>2001.25</ele>
      </trkpt>
      <trkpt lat="46.522714" lon="12.245527">
        <ele>1997.25</ele>
      </trkpt>
      <trkpt lat="46.522727" lon="12.245581">
        <ele>1993.5</ele>
      </trkpt>
      <trkpt lat="46.522689" lon="12.245639">
        <ele>1991.75</ele>
      </trkpt>
      <trkpt lat="46.52272" lon="12.2457">
        <ele>1986.75</ele>
      </trkpt>
      <trkpt lat="46.522678" lon="12.245809">
        <ele>1982.5</ele>
      </trkpt>
      <trkpt lat="46.522715" lon="12.245865">
        <ele>1977.25</ele>
      </trkpt>
      <trkpt lat="46.522662" lon="12.24599">
        <ele>1974</ele>
      </trkpt>
      <trkpt lat="46.52264" lon="12.246124">
        <ele>1968.75</ele>
      </trkpt>
      <trkpt lat="46.522608" lon="12.246132">
        <ele>1970.5</ele>
      </trkpt>
      <trkpt lat="46.522582" lon="12.246191">
        <ele>1969.5</ele>
      </trkpt>
      <trkpt lat="46.52254" lon="12.246256">
        <ele>1969.75</ele>
      </trkpt>
      <trkpt lat="46.522424" lon="12.246349">
        <ele>1972.5</ele>
      </trkpt>
      <trkpt lat="46.522367" lon="12.246847">
        <ele>1959.25</ele>
      </trkpt>
      <trkpt lat="46.522335" lon="12.24696">
        <ele>1959.25</ele>
      </trkpt>
      <trkpt lat="46.522297" lon="12.247293">
        <ele>1955.5</ele>
      </trkpt>
      <trkpt lat="46.522233" lon="12.247398">
        <ele>1959.25</ele>
      </trkpt>
      <trkpt lat="46.522184" lon="12.247415">
        <ele>1963.5</ele>
      </trkpt>
      <trkpt lat="46.522142" lon="12.247383">
        <ele>1967.5</ele>
      </trkpt>
      <trkpt lat="46.522009" lon="12.247598">
        <ele>1979.25</ele>
      </trkpt>
      <trkpt lat="46.521967" lon="12.247605">
        <ele>1983.5</ele>
      </trkpt>
      <trkpt lat="46.521914" lon="12.247658">
        <ele>1989.25</ele>
      </trkpt>
      <trkpt lat="46.521897" lon="12.247744">
        <ele>1992</ele>
      </trkpt>
      <trkpt lat="46.521812" lon="12.24782">
        <ele>2001.75</ele>
      </trkpt>
      <trkpt lat="46.521781" lon="12.247866">
        <ele>2005.5</ele>
      </trkpt>
      <trkpt lat="46.521741" lon="12.2479">
        <ele>2010.25</ele>
      </trkpt>
      <trkpt lat="46.52168" lon="12.248029">
        <ele>2019.25</ele>
      </trkpt>
      <trkpt lat="46.521631" lon="12.24811">
        <ele>2024.75</ele>
      </trkpt>
      <trkpt lat="46.521604" lon="12.248279">
        <ele>2030</ele>
      </trkpt>
      <trkpt lat="46.521569" lon="12.248342">
        <ele>2033.5</ele>
      </trkpt>
      <trkpt lat="46.521521" lon="12.248361">
        <ele>2037.25</ele>
      </trkpt>
      <trkpt lat="46.521472" lon="12.248444">
        <ele>2042</ele>
      </trkpt>
      <trkpt lat="46.521411" lon="12.24848">
        <ele>2046.75</ele>
      </trkpt>
      <trkpt lat="46.521367" lon="12.248723">
        <ele>2053.75</ele>
      </trkpt>
      <trkpt lat="46.521375" lon="12.248825">
        <ele>2054.75</ele>
      </trkpt>
      <trkpt lat="46.521348" lon="12.248833">
        <ele>2056.75</ele>
      </trkpt>
      <trkpt lat="46.521242" lon="12.248737">
        <ele>2061.75</ele>
      </trkpt>
      <trkpt lat="46.52115" lon="12.248667">
        <ele>2066.5</ele>
      </trkpt>
      <trkpt lat="46.521065" lon="12.24864">
        <ele>2071.5</ele>
      </trkpt>
      <trkpt lat="46.520938" lon="12.248684">
        <ele>2080</ele>
      </trkpt>
      <trkpt lat="46.520822" lon="12.248798">
        <ele>2088</ele>
      </trkpt>
      <trkpt lat="46.52086" lon="12.248877">
        <ele>2087.25</ele>
      </trkpt>
      <trkpt lat="46.520753" lon="12.248862">
        <ele>2089.5</ele>
      </trkpt>
      <trkpt lat="46.520708" lon="12.248856">
        <ele>2090.5</ele>
      </trkpt>
      <trkpt lat="46.52061" lon="12.248772">
        <ele>2091.5</ele>
      </trkpt>
      <trkpt lat="46.5205" lon="12.248877">
        <ele>2093.5</ele>
      </trkpt>
      <trkpt lat="46.52044" lon="12.248843">
        <ele>2094.5</ele>
      </trkpt>
      <trkpt lat="46.520412" lon="12.248865">
        <ele>2094.75</ele>
      </trkpt>
      <trkpt lat="46.520159" lon="12.24872">
        <ele>2100.25</ele>
      </trkpt>
      <trkpt lat="46.520006" lon="12.248605">
        <ele>2105.5</ele>
      </trkpt>
      <trkpt lat="46.519974" lon="12.248687">
        <ele>2104.25</ele>
      </trkpt>
      <trkpt lat="46.519981" lon="12.248781">
        <ele>2102.25</ele>
      </trkpt>
      <trkpt lat="46.519957" lon="12.248849">
        <ele>2101</ele>
      </trkpt>
      <trkpt lat="46.519954" lon="12.248973">
        <ele>2098.25</ele>
      </trkpt>
      <trkpt lat="46.520002" lon="12.249139">
        <ele>2095.5</ele>
      </trkpt>
      <trkpt lat="46.52002" lon="12.249248">
        <ele>2089</ele>
      </trkpt>
      <trkpt lat="46.520073" lon="12.249323">
        <ele>2083.75</ele>
      </trkpt>
      <trkpt lat="46.520053" lon="12.24936">
        <ele>2081</ele>
      </trkpt>
      <trkpt lat="46.519998" lon="12.249372">
        <ele>2080</ele>
      </trkpt>
      <trkpt lat="46.519902" lon="12.249417">
        <ele>2074.75</ele>
      </trkpt>
      <trkpt lat="46.519891" lon="12.24945">
        <ele>2072</ele>
      </trkpt>
      <trkpt lat="46.519834" lon="12.249465">
        <ele>2069.5</ele>
      </trkpt>
      <trkpt lat="46.519703" lon="12.24948">
        <ele>2065.25</ele>
      </trkpt>
      <trkpt lat="46.519529" lon="12.249366">
        <ele>2070.75</ele>
      </trkpt>
      <trkpt lat="46.519479" lon="12.249399">
        <ele>2067</ele>
      </trkpt>
      <trkpt lat="46.51938" lon="12.249435">
        <ele>2061.5</ele>
      </trkpt>
      <trkpt lat="46.519295" lon="12.249375">
        <ele>2065</ele>
      </trkpt>
      <trkpt lat="46.519201" lon="12.249254">
        <ele>2074.25</ele>
      </trkpt>
      <trkpt lat="46.519158" lon="12.24908">
        <ele>2086.75</ele>
      </trkpt>
      <trkpt lat="46.519012" lon="12.248801">
        <ele>2100.75</ele>
      </trkpt>
      <trkpt lat="46.518828" lon="12.248742">
        <ele>2102.25</ele>
      </trkpt>
      <trkpt lat="46.51871" lon="12.248892">
        <ele>2089.75</ele>
      </trkpt>
      <trkpt lat="46.518521" lon="12.248959">
        <ele>2081.25</ele>
      </trkpt>
      <trkpt lat="46.51818" lon="12.249008">
        <ele>2068</ele>
      </trkpt>
      <trkpt lat="46.518029" lon="12.249016">
        <ele>2062</ele>
      </trkpt>
      <trkpt lat="46.51787" lon="12.249048">
        <ele>2053.5</ele>
      </trkpt>
      <trkpt lat="46.517766" lon="12.249049">
        <ele>2049.75</ele>
      </trkpt>
      <trkpt lat="46.51765" lon="12.249085">
        <ele>2042</ele>
      </trkpt>
      <trkpt lat="46.517416" lon="12.249061">
        <ele>2035.25</ele>
      </trkpt>
      <trkpt lat="46.517119" lon="12.249008">
        <ele>2027.5</ele>
      </trkpt>
      <trkpt lat="46.517024" lon="12.248954">
        <ele>2029</ele>
      </trkpt>
      <trkpt lat="46.516871" lon="12.248828">
        <ele>2036</ele>
      </trkpt>
      <trkpt lat="46.51666" lon="12.248615">
        <ele>2050.5</ele>
      </trkpt>
      <trkpt lat="46.516558" lon="12.248497">
        <ele>2059.25</ele>
      </trkpt>
      <trkpt lat="46.516474" lon="12.248419">
        <ele>2064.25</ele>
      </trkpt>
      <trkpt lat="46.516277" lon="12.248211">
        <ele>2075.75</ele>
      </trkpt>
      <trkpt lat="46.516221" lon="12.2481">
        <ele>2083</ele>
      </trkpt>
      <trkpt lat="46.516211" lon="12.247998">
        <ele>2091.5</ele>
      </trkpt>
      <trkpt lat="46.51614" lon="12.247945">
        <ele>2093</ele>
      </trkpt>
      <trkpt lat="46.516096" lon="12.247811">
        <ele>2102.75</ele>
      </trkpt>
      <trkpt lat="46.515932" lon="12.247599">
        <ele>2113.75</ele>
      </trkpt>
      <trkpt lat="46.515843" lon="12.247374">
        <ele>2127.5</ele>
      </trkpt>
      <trkpt lat="46.515612" lon="12.247208">
        <ele>2132.75</ele>
      </trkpt>
      <trkpt lat="46.515426" lon="12.247098">
        <ele>2135.25</ele>
      </trkpt>
      <trkpt lat="46.515199" lon="12.246972">
        <ele>2138</ele>
      </trkpt>
      <trkpt lat="46.515014" lon="12.246955">
        <ele>2133.75</ele>
      </trkpt>
      <trkpt lat="46.514933" lon="12.246867">
        <ele>2139.25</ele>
      </trkpt>
      <trkpt lat="46.514636" lon="12.246843">
        <ele>2138.25</ele>
      </trkpt>
      <trkpt lat="46.514328" lon="12.246921">
        <ele>2129.25</ele>
      </trkpt>
      <trkpt lat="46.513841" lon="12.24691">
        <ele>2126</ele>
      </trkpt>
      <trkpt lat="46.513728" lon="12.247017">
        <ele>2117</ele>
      </trkpt>
      <trkpt lat="46.513615" lon="12.247066">
        <ele>2112.5</ele>
      </trkpt>
      <trkpt lat="46.513529" lon="12.247055">
        <ele>2112.5</ele>
      </trkpt>
      <trkpt lat="46.513445" lon="12.247106">
        <ele>2108</ele>
      </trkpt>
      <trkpt lat="46.513333" lon="12.247133">
        <ele>2105</ele>
      </trkpt>
      <trkpt lat="46.513206" lon="12.247189">
        <ele>2097.25</ele>
      </trkpt>
      <trkpt lat="46.513128" lon="12.247135">
        <ele>2099.25</ele>
      </trkpt>
      <trkpt lat="46.512973" lon="12.247385">
        <ele>2075.5</ele>
      </trkpt>
      <trkpt lat="46.512773" lon="12.247347">
        <ele>2072.75</ele>
      </trkpt>
      <trkpt lat="46.512497" lon="12.247203">
        <ele>2075.25</ele>
      </trkpt>
      <trkpt lat="46.512463" lon="12.247186">
        <ele>2075.75</ele>
      </trkpt>
      <trkpt lat="46.51232" lon="12.247031">
        <ele>2080.25</ele>
      </trkpt>
      <trkpt lat="46.511991" lon="12.247052">
        <ele>2060.75</ele>
      </trkpt>
      <trkpt lat="46.511751" lon="12.246961">
        <ele>2055</ele>
      </trkpt>
      <trkpt lat="46.511594" lon="12.246803">
        <ele>2057.75</ele>
      </trkpt>
      <trkpt lat="46.511349" lon="12.246755">
        <ele>2042</ele>
      </trkpt>
      <trkpt lat="46.511295" lon="12.246626">
        <ele>2048.75</ele>
      </trkpt>
      <trkpt lat="46.511223" lon="12.246518">
        <ele>2053</ele>
      </trkpt>
      <trkpt lat="46.511128" lon="12.2465">
        <ele>2047</ele>
      </trkpt>
      <trkpt lat="46.511016" lon="12.246454">
        <ele>2042.5</ele>
      </trkpt>
      <trkpt lat="46.511018" lon="12.24636">
        <ele>2051.5</ele>
      </trkpt>
      <trkpt lat="46.510865" lon="12.246162">
        <ele>2058.25</ele>
      </trkpt>
      <trkpt lat="46.510714" lon="12.245843">
        <ele>2074.75</ele>
      </trkpt>
      <trkpt lat="46.510466" lon="12.245808">
        <ele>2054.75</ele>
      </trkpt>
      <trkpt lat="46.510187" lon="12.245381">
        <ele>2073.5</ele>
      </trkpt>
      <trkpt lat="46.509942" lon="12.245306">
        <ele>2058.25</ele>
      </trkpt>
      <trkpt lat="46.509794" lon="12.24522">
        <ele>2052.25</ele>
      </trkpt>
      <trkpt lat="46.509597" lon="12.245182">
        <ele>2036</ele>
      </trkpt>
      <trkpt lat="46.509444" lon="12.244983">
        <ele>2041.25</ele>
      </trkpt>
      <trkpt lat="46.509237" lon="12.244664">
        <ele>2055.25</ele>
      </trkpt>
      <trkpt lat="46.509184" lon="12.244412">
        <ele>2077.5</ele>
      </trkpt>
      <trkpt lat="46.509074" lon="12.24429">
        <ele>2079.75</ele>
      </trkpt>
      <trkpt lat="46.508952" lon="12.244252">
        <ele>2071</ele>
      </trkpt>
      <trkpt lat="46.508536" lon="12.244173">
        <ele>2036.25</ele>
      </trkpt>
      <trkpt lat="46.508388" lon="12.244021">
        <ele>2037</ele>
      </trkpt>
      <trkpt lat="46.508266" lon="12.243991">
        <ele>2028</ele>
      </trkpt>
      <trkpt lat="46.507807" lon="12.243428">
        <ele>2041.25</ele>
      </trkpt>
      <trkpt lat="46.50761" lon="12.243002">
        <ele>2064</ele>
      </trkpt>
      <trkpt lat="46.507474" lon="12.242801">
        <ele>2070.5</ele>
      </trkpt>
      <trkpt lat="46.507343" lon="12.242685">
        <ele>2070</ele>
      </trkpt>
      <trkpt lat="46.507092" lon="12.242546">
        <ele>2060.5</ele>
      </trkpt>
      <trkpt lat="46.507007" lon="12.242514">
        <ele>2056</ele>
      </trkpt>
      <trkpt lat="46.506872" lon="12.242313">
        <ele>2061.75</ele>
      </trkpt>
      <trkpt lat="46.506694" lon="12.242159">
        <ele>2059.75</ele>
      </trkpt>
      <trkpt lat="46.506625" lon="12.241907">
        <ele>2077.5</ele>
      </trkpt>
      <trkpt lat="46.506523" lon="12.241691">
        <ele>2089.5</ele>
      </trkpt>
      <trkpt lat="46.506433" lon="12.241615">
        <ele>2089.5</ele>
      </trkpt>
      <trkpt lat="46.506305" lon="12.241618">
        <ele>2079.5</ele>
      </trkpt>
      <trkpt lat="46.506169" lon="12.241674">
        <ele>2064</ele>
      </trkpt>
      <trkpt lat="46.506095" lon="12.241591">
        <ele>2066</ele>
      </trkpt>
      <trkpt lat="46.505687" lon="12.24179">
        <ele>2018</ele>
      </trkpt>
      <trkpt lat="46.505512" lon="12.241794">
        <ele>2006.5</ele>
      </trkpt>
      <trkpt lat="46.505097" lon="12.241432">
        <ele>2013.75</ele>
      </trkpt>
      <trkpt lat="46.504978" lon="12.241433">
        <ele>2006.25</ele>
      </trkpt>
      <trkpt lat="46.504897" lon="12.241362">
        <ele>2008.5</ele>
      </trkpt>
      <trkpt lat="46.504821" lon="12.241318">
        <ele>2008.5</ele>
      </trkpt>
      <trkpt lat="46.504817" lon="12.241203">
        <ele>2019.25</ele>
      </trkpt>
      <trkpt lat="46.504569" lon="12.240826">
        <ele>2040.25</ele>
      </trkpt>
      <trkpt lat="46.504481" lon="12.240711">
        <ele>2046.75</ele>
      </trkpt>
      <trkpt lat="46.504389" lon="12.240762">
        <ele>2036.25</ele>
      </trkpt>
      <trkpt lat="46.50433" lon="12.240687">
        <ele>2040.25</ele>
      </trkpt>
      <trkpt lat="46.504258" lon="12.240545">
        <ele>2050</ele>
      </trkpt>
      <trkpt lat="46.504132" lon="12.240167">
        <ele>2080.25</ele>
      </trkpt>
      <trkpt lat="46.50402" lon="12.240223">
        <ele>2068.25</ele>
      </trkpt>
      <trkpt lat="46.503939" lon="12.240292">
        <ele>2057</ele>
      </trkpt>
      <trkpt lat="46.503785" lon="12.240387">
        <ele>2039.25</ele>
      </trkpt>
      <trkpt lat="46.503697" lon="12.240309">
        <ele>2041.75</ele>
      </trkpt>
      <trkpt lat="46.503551" lon="12.240084">
        <ele>2054.25</ele>
      </trkpt>
      <trkpt lat="46.503554" lon="12.239923">
        <ele>2069.75</ele>
      </trkpt>
      <trkpt lat="46.503294" lon="12.239623">
        <ele>2082.75</ele>
      </trkpt>
      <trkpt lat="46.502964" lon="12.239389">
        <ele>2083.25</ele>
      </trkpt>
      <trkpt lat="46.502787" lon="12.239201">
        <ele>2088</ele>
      </trkpt>
      <trkpt lat="46.502493" lon="12.238743">
        <ele>2107</ele>
      </trkpt>
      <trkpt lat="46.502334" lon="12.238387">
        <ele>2125.5</ele>
      </trkpt>
      <trkpt lat="46.502067" lon="12.238001">
        <ele>2137</ele>
      </trkpt>
      <trkpt lat="46.501894" lon="12.23779">
        <ele>2140</ele>
      </trkpt>
      <trkpt lat="46.501832" lon="12.237722">
        <ele>2140</ele>
      </trkpt>
      <trkpt lat="46.501767" lon="12.237673">
        <ele>2138.25</ele>
      </trkpt>
      <trkpt lat="46.501662" lon="12.237758">
        <ele>2122.5</ele>
      </trkpt>
      <trkpt lat="46.501633" lon="12.237847">
        <ele>2113.25</ele>
      </trkpt>
      <trkpt lat="46.501717" lon="12.237914">
        <ele>2114.75</ele>
      </trkpt>
      <trkpt lat="46.501745" lon="12.238067">
        <ele>2105</ele>
      </trkpt>
      <trkpt lat="46.501734" lon="12.238188">
        <ele>2094.5</ele>
      </trkpt>
      <trkpt lat="46.501642" lon="12.23833">
        <ele>2076.5</ele>
      </trkpt>
      <trkpt lat="46.501446" lon="12.238255">
        <ele>2069.5</ele>
      </trkpt>
      <trkpt lat="46.501335" lon="12.238126">
        <ele>2071.25</ele>
      </trkpt>
      <trkpt lat="46.501112" lon="12.238078">
        <ele>2059.5</ele>
      </trkpt>
      <trkpt lat="46.500771" lon="12.237692">
        <ele>2061</ele>
      </trkpt>
      <trkpt lat="46.500689" lon="12.237546">
        <ele>2065</ele>
      </trkpt>
      <trkpt lat="46.500687" lon="12.237428">
        <ele>2072.5</ele>
      </trkpt>
      <trkpt lat="46.500746" lon="12.2373">
        <ele>2085</ele>
      </trkpt>
      <trkpt lat="46.500733" lon="12.237139">
        <ele>2095</ele>
      </trkpt>
      <trkpt lat="46.500643" lon="12.236981">
        <ele>2099</ele>
      </trkpt>
      <trkpt lat="46.500449" lon="12.237026">
        <ele>2082</ele>
      </trkpt>
      <trkpt lat="46.500379" lon="12.237117">
        <ele>2071.25</ele>
      </trkpt>
      <trkpt lat="46.500298" lon="12.237101">
        <ele>2066.5</ele>
      </trkpt>
      <trkpt lat="46.5002" lon="12.237166">
        <ele>2055.75</ele>
      </trkpt>
      <trkpt lat="46.500049" lon="12.237164">
        <ele>2045.5</ele>
      </trkpt>
      <trkpt lat="46.49994" lon="12.237227">
        <ele>2035.75</ele>
      </trkpt>
      <trkpt lat="46.499877" lon="12.237128">
        <ele>2037.75</ele>
      </trkpt>
      <trkpt lat="46.499755" lon="12.237139">
        <ele>2030.75</ele>
      </trkpt>
      <trkpt lat="46.499692" lon="12.237096">
        <ele>2029.75</ele>
      </trkpt>
      <trkpt lat="46.499656" lon="12.236932">
        <ele>2035.5</ele>
      </trkpt>
      <trkpt lat="46.499557" lon="12.236916">
        <ele>2031</ele>
      </trkpt>
      <trkpt lat="46.499413" lon="12.237048">
        <ele>2017.25</ele>
      </trkpt>
      <trkpt lat="46.49934" lon="12.237063">
        <ele>2012.75</ele>
      </trkpt>
      <trkpt lat="46.499081" lon="12.236916">
        <ele>2006.75</ele>
      </trkpt>
      <trkpt lat="46.498912" lon="12.23676">
        <ele>2007.25</ele>
      </trkpt>
      <trkpt lat="46.498883" lon="12.23673">
        <ele>2007.25</ele>
      </trkpt>
      <trkpt lat="46.498795" lon="12.236635">
        <ele>2007.5</ele>
      </trkpt>
      <trkpt lat="46.49869" lon="12.236377">
        <ele>2013.25</ele>
      </trkpt>
      <trkpt lat="46.498647" lon="12.236299">
        <ele>2014.5</ele>
      </trkpt>
      <trkpt lat="46.498592" lon="12.236289">
        <ele>2012.5</ele>
      </trkpt>
      <trkpt lat="46.49845" lon="12.236087">
        <ele>2013.25</ele>
      </trkpt>
      <trkpt lat="46.498263" lon="12.235865">
        <ele>2013.75</ele>
      </trkpt>
      <trkpt lat="46.498186" lon="12.235886">
        <ele>2012</ele>
      </trkpt>
      <trkpt lat="46.498051" lon="12.236044">
        <ele>2006</ele>
      </trkpt>
      <trkpt lat="46.49796" lon="12.236098">
        <ele>2003.75</ele>
      </trkpt>
      <trkpt lat="46.497921" lon="12.236254">
        <ele>2000</ele>
      </trkpt>
      <trkpt lat="46.497947" lon="12.236377">
        <ele>1997.5</ele>
      </trkpt>
      <trkpt lat="46.497938" lon="12.236476">
        <ele>1995.5</ele>
      </trkpt>
      <trkpt lat="46.497868" lon="12.236535">
        <ele>1994</ele>
      </trkpt>
      <trkpt lat="46.497821" lon="12.236535">
        <ele>1994</ele>
      </trkpt>
      <trkpt lat="46.497798" lon="12.236597">
        <ele>1992.75</ele>
      </trkpt>
      <trkpt lat="46.497606" lon="12.23666">
        <ele>1991.75</ele>
      </trkpt>
      <trkpt lat="46.497492" lon="12.236403">
        <ele>1995.25</ele>
      </trkpt>
      <trkpt lat="46.497346" lon="12.235923">
        <ele>2004.5</ele>
      </trkpt>
      <trkpt lat="46.497368" lon="12.235761">
        <ele>2006</ele>
      </trkpt>
      <trkpt lat="46.49727" lon="12.235544">
        <ele>2011.5</ele>
      </trkpt>
      <trkpt lat="46.496965" lon="12.23523">
        <ele>2019.5</ele>
      </trkpt>
      <trkpt lat="46.49692" lon="12.234944">
        <ele>2022.75</ele>
      </trkpt>
      <trkpt lat="46.496815" lon="12.23481">
        <ele>2024.75</ele>
      </trkpt>
      <trkpt lat="46.496742" lon="12.234787">
        <ele>2025.25</ele>
      </trkpt>
      <trkpt lat="46.496415" lon="12.234238">
        <ele>2035</ele>
      </trkpt>
      <trkpt lat="46.496408" lon="12.234122">
        <ele>2036</ele>
      </trkpt>
      <trkpt lat="46.496339" lon="12.234021">
        <ele>2038.75</ele>
      </trkpt>
      <trkpt lat="46.496183" lon="12.233938">
        <ele>2042.75</ele>
      </trkpt>
      <trkpt lat="46.496269" lon="12.233744">
        <ele>2043.5</ele>
      </trkpt>
      <trkpt lat="46.496275" lon="12.233351">
        <ele>2048</ele>
      </trkpt>
      <trkpt lat="46.495776" lon="12.232617">
        <ele>2064.5</ele>
      </trkpt>
      <trkpt lat="46.495312" lon="12.232327">
        <ele>2078.5</ele>
      </trkpt>
      <trkpt lat="46.495207" lon="12.232304">
        <ele>2080.75</ele>
      </trkpt>
      <trkpt lat="46.495029" lon="12.232119">
        <ele>2086.5</ele>
      </trkpt>
      <trkpt lat="46.49488" lon="12.231805">
        <ele>2094</ele>
      </trkpt>
      <trkpt lat="46.49473" lon="12.231814">
        <ele>2098.25</ele>
      </trkpt>
      <trkpt lat="46.494521" lon="12.231662">
        <ele>2105.25</ele>
      </trkpt>
      <trkpt lat="46.494416" lon="12.231436">
        <ele>2110.25</ele>
      </trkpt>
      <trkpt lat="46.494069" lon="12.231177">
        <ele>2121</ele>
      </trkpt>
      <trkpt lat="46.493386" lon="12.231126">
        <ele>2142.25</ele>
      </trkpt>
      <trkpt lat="46.493227" lon="12.2309">
        <ele>2147</ele>
      </trkpt>
      <trkpt lat="46.492868" lon="12.230595">
        <ele>2158.25</ele>
      </trkpt>
      <trkpt lat="46.492706" lon="12.230582">
        <ele>2163.5</ele>
      </trkpt>
      <trkpt lat="46.491953" lon="12.229917">
        <ele>2184.25</ele>
      </trkpt>
      <trkpt lat="46.491476" lon="12.229751">
        <ele>2199.25</ele>
      </trkpt>
      <trkpt lat="46.490643" lon="12.228966">
        <ele>2208</ele>
      </trkpt>
      <trkpt lat="46.489868" lon="12.229021">
        <ele>2222.5</ele>
      </trkpt>
      <trkpt lat="46.489505" lon="12.228693">
        <ele>2219.75</ele>
      </trkpt>
      <trkpt lat="46.489232" lon="12.22855">
        <ele>2219.5</ele>
      </trkpt>
      <trkpt lat="46.488844" lon="12.228624">
        <ele>2225.25</ele>
      </trkpt>
      <trkpt lat="46.488526" lon="12.228856">
        <ele>2231.5</ele>
      </trkpt>
      <trkpt lat="46.488402" lon="12.228947">
        <ele>2234</ele>
      </trkpt>
      <trkpt lat="46.488383" lon="12.229067">
        <ele>2235.5</ele>
      </trkpt>
      <trkpt lat="46.488196" lon="12.229178">
        <ele>2236.75</ele>
      </trkpt>
      <trkpt lat="46.488094" lon="12.229141">
        <ele>2235.75</ele>
      </trkpt>
      <trkpt lat="46.488024" lon="12.229067">
        <ele>2234.75</ele>
      </trkpt>
      <trkpt lat="46.487191" lon="12.229501">
        <ele>2245.75</ele>
      </trkpt>
      <trkpt lat="46.486549" lon="12.229552">
        <ele>2249.5</ele>
      </trkpt>
      <trkpt lat="46.486483" lon="12.229506">
        <ele>2249.25</ele>
      </trkpt>
      <trkpt lat="46.486432" lon="12.22928">
        <ele>2243.25</ele>
      </trkpt>
      <trkpt lat="46.48612" lon="12.229086">
        <ele>2245</ele>
      </trkpt>
      <trkpt lat="46.48585" lon="12.229081">
        <ele>2249.5</ele>
      </trkpt>
      <trkpt lat="46.485399" lon="12.229409">
        <ele>2265.75</ele>
      </trkpt>
      <trkpt lat="46.485145" lon="12.229421">
        <ele>2271.75</ele>
      </trkpt>
      <trkpt lat="46.485004" lon="12.229478">
        <ele>2276.5</ele>
      </trkpt>
      <trkpt lat="46.484805" lon="12.229476">
        <ele>2281</ele>
      </trkpt>
      <trkpt lat="46.484625" lon="12.229366">
        <ele>2281</ele>
      </trkpt>
      <trkpt lat="46.484596" lon="12.229402">
        <ele>2283</ele>
      </trkpt>
      <trkpt lat="46.484509" lon="12.22951">
        <ele>2289</ele>
      </trkpt>
      <trkpt lat="46.484476" lon="12.229251">
        <ele>2279.75</ele>
      </trkpt>
      <trkpt lat="46.48439" lon="12.229266">
        <ele>2282</ele>
      </trkpt>
      <trkpt lat="46.484312" lon="12.229272">
        <ele>2283.75</ele>
      </trkpt>
      <trkpt lat="46.484291" lon="12.229167">
        <ele>2279.75</ele>
      </trkpt>
      <trkpt lat="46.484124" lon="12.228902">
        <ele>2272</ele>
      </trkpt>
      <trkpt lat="46.48404" lon="12.228663">
        <ele>2263.25</ele>
      </trkpt>
      <trkpt lat="46.483957" lon="12.228513">
        <ele>2257.75</ele>
      </trkpt>
      <trkpt lat="46.483858" lon="12.228482">
        <ele>2257</ele>
      </trkpt>
      <trkpt lat="46.483838" lon="12.228317">
        <ele>2249.75</ele>
      </trkpt>
      <trkpt lat="46.483777" lon="12.228226">
        <ele>2246.5</ele>
      </trkpt>
      <trkpt lat="46.483617" lon="12.227839">
        <ele>2230.75</ele>
      </trkpt>
      <trkpt lat="46.483488" lon="12.227756">
        <ele>2226.75</ele>
      </trkpt>
      <trkpt lat="46.483226" lon="12.227763">
        <ele>2226.25</ele>
      </trkpt>
      <trkpt lat="46.483063" lon="12.227625">
        <ele>2219.75</ele>
      </trkpt>
      <trkpt lat="46.482989" lon="12.227453">
        <ele>2212.25</ele>
      </trkpt>
      <trkpt lat="46.482975" lon="12.227419">
        <ele>2211</ele>
      </trkpt>
      <trkpt lat="46.482237" lon="12.226877">
        <ele>2184</ele>
      </trkpt>
      <trkpt lat="46.482055" lon="12.226798">
        <ele>2177</ele>
      </trkpt>
      <trkpt lat="46.481808" lon="12.226713">
        <ele>2168</ele>
      </trkpt>
      <trkpt lat="46.481585" lon="12.226647">
        <ele>2158.75</ele>
      </trkpt>
      <trkpt lat="46.481705" lon="12.2264">
        <ele>2156.5</ele>
      </trkpt>
      <trkpt lat="46.481559" lon="12.226373">
        <ele>2150</ele>
      </trkpt>
      <trkpt lat="46.48165" lon="12.226199">
        <ele>2149.25</ele>
      </trkpt>
      <trkpt lat="46.481535" lon="12.226238">
        <ele>2145</ele>
      </trkpt>
      <trkpt lat="46.481418" lon="12.226232">
        <ele>2139.25</ele>
      </trkpt>
      <trkpt lat="46.481258" lon="12.226245">
        <ele>2132.25</ele>
      </trkpt>
      <trkpt lat="46.481161" lon="12.22632">
        <ele>2130.25</ele>
      </trkpt>
      <trkpt lat="46.481083" lon="12.226449">
        <ele>2131</ele>
      </trkpt>
      <trkpt lat="46.481011" lon="12.226214">
        <ele>2119.75</ele>
      </trkpt>
      <trkpt lat="46.480886" lon="12.22588">
        <ele>2102.25</ele>
      </trkpt>
      <trkpt lat="46.480642" lon="12.225466">
        <ele>2077</ele>
      </trkpt>
      <trkpt lat="46.480653" lon="12.225569">
        <ele>2080</ele>
      </trkpt>
      <trkpt lat="46.480603" lon="12.225572">
        <ele>2076.75</ele>
      </trkpt>
      <trkpt lat="46.48058" lon="12.225697">
        <ele>2078</ele>
      </trkpt>
      <trkpt lat="46.480457" lon="12.225659">
        <ele>2068.75</ele>
      </trkpt>
      <trkpt lat="46.48038" lon="12.225744">
        <ele>2065.75</ele>
      </trkpt>
      <trkpt lat="46.480292" lon="12.225701">
        <ele>2058.75</ele>
      </trkpt>
      <trkpt lat="46.480235" lon="12.225776">
        <ele>2056.75</ele>
      </trkpt>
      <trkpt lat="46.480188" lon="12.225673">
        <ele>2051</ele>
      </trkpt>
      <trkpt lat="46.480165" lon="12.225792">
        <ele>2052.5</ele>
      </trkpt>
      <trkpt lat="46.480013" lon="12.225676">
        <ele>2039.25</ele>
      </trkpt>
      <trkpt lat="46.479727" lon="12.225502">
        <ele>2011.75</ele>
      </trkpt>
      <trkpt lat="46.479767" lon="12.225717">
        <ele>2021</ele>
      </trkpt>
      <trkpt lat="46.479626" lon="12.225684">
        <ele>2009</ele>
      </trkpt>
      <trkpt lat="46.479673" lon="12.225876">
        <ele>2018.5</ele>
      </trkpt>
      <trkpt lat="46.479595" lon="12.225927">
        <ele>2014.25</ele>
      </trkpt>
      <trkpt lat="46.479689" lon="12.22603">
        <ele>2025.5</ele>
      </trkpt>
      <trkpt lat="46.479628" lon="12.226159">
        <ele>2025.25</ele>
      </trkpt>
      <trkpt lat="46.479558" lon="12.226094">
        <ele>2017.25</ele>
      </trkpt>
      <trkpt lat="46.479501" lon="12.226226">
        <ele>2017.25</ele>
      </trkpt>
      <trkpt lat="46.479473" lon="12.226143">
        <ele>2012</ele>
      </trkpt>
      <trkpt lat="46.479428" lon="12.22613">
        <ele>2008</ele>
      </trkpt>
      <trkpt lat="46.479306" lon="12.226153">
        <ele>1998.75</ele>
      </trkpt>
      <trkpt lat="46.479201" lon="12.226106">
        <ele>1988.75</ele>
      </trkpt>
      <trkpt lat="46.479145" lon="12.22617">
        <ele>1986.25</ele>
      </trkpt>
      <trkpt lat="46.479009" lon="12.226293">
        <ele>1978.25</ele>
      </trkpt>
      <trkpt lat="46.478667" lon="12.226375">
        <ele>1950</ele>
      </trkpt>
      <trkpt lat="46.478773" lon="12.226464">
        <ele>1962.25</ele>
      </trkpt>
      <trkpt lat="46.478715" lon="12.226474">
        <ele>1957.25</ele>
      </trkpt>
      <trkpt lat="46.478799" lon="12.226568">
        <ele>1967.75</ele>
      </trkpt>
      <trkpt lat="46.478543" lon="12.226703">
        <ele>1948</ele>
      </trkpt>
      <trkpt lat="46.478503" lon="12.226948">
        <ele>1950</ele>
      </trkpt>
      <trkpt lat="46.478443" lon="12.227017">
        <ele>1946</ele>
      </trkpt>
      <trkpt lat="46.478269" lon="12.226988">
        <ele>1927.5</ele>
      </trkpt>
      <trkpt lat="46.478249" lon="12.227041">
        <ele>1926.25</ele>
      </trkpt>
      <trkpt lat="46.478254" lon="12.227254">
        <ele>1930.25</ele>
      </trkpt>
      <trkpt lat="46.478105" lon="12.227444">
        <ele>1912.25</ele>
      </trkpt>
      <trkpt lat="46.478136" lon="12.227707">
        <ele>1920.75</ele>
      </trkpt>
      <trkpt lat="46.478171" lon="12.227873">
        <ele>1928.5</ele>
      </trkpt>
      <trkpt lat="46.478153" lon="12.227965">
        <ele>1927.75</ele>
      </trkpt>
      <trkpt lat="46.478025" lon="12.228147">
        <ele>1914.5</ele>
      </trkpt>
      <trkpt lat="46.477678" lon="12.228383">
        <ele>1876.75</ele>
      </trkpt>
      <trkpt lat="46.477533" lon="12.22847">
        <ele>1859.75</ele>
      </trkpt>
      <trkpt lat="46.477483" lon="12.228533">
        <ele>1855.5</ele>
      </trkpt>
      <trkpt lat="46.477381" lon="12.228579">
        <ele>1851.25</ele>
      </trkpt>
      <trkpt lat="46.477282" lon="12.228541">
        <ele>1846.75</ele>
      </trkpt>
      <trkpt lat="46.477246" lon="12.228419">
        <ele>1845.25</ele>
      </trkpt>
      <trkpt lat="46.477141" lon="12.228478">
        <ele>1840.75</ele>
      </trkpt>
      <trkpt lat="46.47705" lon="12.228496">
        <ele>1836.75</ele>
      </trkpt>
      <trkpt lat="46.477006" lon="12.228474">
        <ele>1835</ele>
      </trkpt>
      <trkpt lat="46.47696" lon="12.228431">
        <ele>1833.5</ele>
      </trkpt>
      <trkpt lat="46.476905" lon="12.228471">
        <ele>1831</ele>
      </trkpt>
      <trkpt lat="46.476855" lon="12.228419">
        <ele>1829.25</ele>
      </trkpt>
      <trkpt lat="46.476797" lon="12.228228">
        <ele>1825.5</ele>
      </trkpt>
      <trkpt lat="46.476792" lon="12.228226">
        <ele>1825.25</ele>
      </trkpt>
      <trkpt lat="46.476797" lon="12.228228">
        <ele>1825.5</ele>
      </trkpt>
      <trkpt lat="46.476818" lon="12.228434">
        <ele>1827.5</ele>
      </trkpt>
      <trkpt lat="46.476918" lon="12.2289">
        <ele>1828</ele>
      </trkpt>
      <trkpt lat="46.477014" lon="12.229105">
        <ele>1832</ele>
      </trkpt>
      <trkpt lat="46.477271" lon="12.229427">
        <ele>1839.5</ele>
      </trkpt>
      <trkpt lat="46.477366" lon="12.229647">
        <ele>1838.75</ele>
      </trkpt>
      <trkpt lat="46.47741" lon="12.229719">
        <ele>1839</ele>
      </trkpt>
      <trkpt lat="46.477379" lon="12.229873">
        <ele>1832.75</ele>
      </trkpt>
      <trkpt lat="46.477366" lon="12.230051">
        <ele>1828</ele>
      </trkpt>
      <trkpt lat="46.477248" lon="12.230316">
        <ele>1819</ele>
      </trkpt>
      <trkpt lat="46.477294" lon="12.230403">
        <ele>1821</ele>
      </trkpt>
      <trkpt lat="46.477574" lon="12.230639">
        <ele>1840.25</ele>
      </trkpt>
      <trkpt lat="46.47764" lon="12.230831">
        <ele>1846.75</ele>
      </trkpt>
      <trkpt lat="46.477703" lon="12.230958">
        <ele>1852.75</ele>
      </trkpt>
      <trkpt lat="46.477755" lon="12.231142">
        <ele>1855.75</ele>
      </trkpt>
      <trkpt lat="46.477755" lon="12.23141">
        <ele>1851</ele>
      </trkpt>
      <trkpt lat="46.477779" lon="12.231705">
        <ele>1848</ele>
      </trkpt>
      <trkpt lat="46.477771" lon="12.232272">
        <ele>1831.75</ele>
      </trkpt>
      <trkpt lat="46.477848" lon="12.232573">
        <ele>1829.25</ele>
      </trkpt>
      <trkpt lat="46.477877" lon="12.232872">
        <ele>1829.25</ele>
      </trkpt>
      <trkpt lat="46.477908" lon="12.232992">
        <ele>1830.25</ele>
      </trkpt>
      <trkpt lat="46.477916" lon="12.233065">
        <ele>1830.25</ele>
      </trkpt>
      <trkpt lat="46.477977" lon="12.233249">
        <ele>1832.75</ele>
      </trkpt>
      <trkpt lat="46.477966" lon="12.23377">
        <ele>1832.5</ele>
      </trkpt>
      <trkpt lat="46.477989" lon="12.234008">
        <ele>1834.5</ele>
      </trkpt>
      <trkpt lat="46.477985" lon="12.234617">
        <ele>1828.75</ele>
      </trkpt>
      <trkpt lat="46.477997" lon="12.234831">
        <ele>1827</ele>
      </trkpt>
      <trkpt lat="46.478031" lon="12.234936">
        <ele>1828.25</ele>
      </trkpt>
      <trkpt lat="46.478336" lon="12.23531">
        <ele>1841.25</ele>
      </trkpt>
      <trkpt lat="46.47846" lon="12.235572">
        <ele>1845</ele>
      </trkpt>
      <trkpt lat="46.478564" lon="12.235922">
        <ele>1852.25</ele>
      </trkpt>
      <trkpt lat="46.478678" lon="12.236172">
        <ele>1869.5</ele>
      </trkpt>
      <trkpt lat="46.478726" lon="12.236238">
        <ele>1876.75</ele>
      </trkpt>
      <trkpt lat="46.478753" lon="12.236308">
        <ele>1881.25</ele>
      </trkpt>
      <trkpt lat="46.478763" lon="12.236389">
        <ele>1883.75</ele>
      </trkpt>
      <trkpt lat="46.478657" lon="12.236422">
        <ele>1869.75</ele>
      </trkpt>
      <trkpt lat="46.478585" lon="12.23647">
        <ele>1860.5</ele>
      </trkpt>
      <trkpt lat="46.478504" lon="12.236748">
        <ele>1854</ele>
      </trkpt>
      <trkpt lat="46.478385" lon="12.23691">
        <ele>1843.25</ele>
      </trkpt>
      <trkpt lat="46.478162" lon="12.237161">
        <ele>1840.5</ele>
      </trkpt>
      <trkpt lat="46.478017" lon="12.237294">
        <ele>1840.25</ele>
      </trkpt>
      <trkpt lat="46.477743" lon="12.237703">
        <ele>1842.5</ele>
      </trkpt>
      <trkpt lat="46.477357" lon="12.238571">
        <ele>1846.25</ele>
      </trkpt>
      <trkpt lat="46.477191" lon="12.238963">
        <ele>1844.25</ele>
      </trkpt>
      <trkpt lat="46.477037" lon="12.239488">
        <ele>1842.25</ele>
      </trkpt>
      <trkpt lat="46.477042" lon="12.24">
        <ele>1847.5</ele>
      </trkpt>
      <trkpt lat="46.477108" lon="12.240555">
        <ele>1848</ele>
      </trkpt>
      <trkpt lat="46.477166" lon="12.240735">
        <ele>1849</ele>
      </trkpt>
      <trkpt lat="46.477169" lon="12.240849">
        <ele>1849.5</ele>
      </trkpt>
      <trkpt lat="46.477166" lon="12.240991">
        <ele>1860</ele>
      </trkpt>
      <trkpt lat="46.477094" lon="12.241097">
        <ele>1862.75</ele>
      </trkpt>
      <trkpt lat="46.477056" lon="12.241248">
        <ele>1869</ele>
      </trkpt>
      <trkpt lat="46.476963" lon="12.241432">
        <ele>1869.25</ele>
      </trkpt>
      <trkpt lat="46.476993" lon="12.241568">
        <ele>1879.5</ele>
      </trkpt>
      <trkpt lat="46.47703" lon="12.241656">
        <ele>1889.5</ele>
      </trkpt>
      <trkpt lat="46.476926" lon="12.241739">
        <ele>1877</ele>
      </trkpt>
      <trkpt lat="46.476845" lon="12.241771">
        <ele>1866</ele>
      </trkpt>
      <trkpt lat="46.476803" lon="12.241893">
        <ele>1863</ele>
      </trkpt>
      <trkpt lat="46.476759" lon="12.242155">
        <ele>1863</ele>
      </trkpt>
      <trkpt lat="46.476696" lon="12.242347">
        <ele>1857.25</ele>
      </trkpt>
      <trkpt lat="46.476557" lon="12.24261">
        <ele>1862</ele>
      </trkpt>
      <trkpt lat="46.476505" lon="12.242781">
        <ele>1874.25</ele>
      </trkpt>
      <trkpt lat="46.47644" lon="12.242916">
        <ele>1881</ele>
      </trkpt>
      <trkpt lat="46.476478" lon="12.243106">
        <ele>1899.75</ele>
      </trkpt>
      <trkpt lat="46.476271" lon="12.243466">
        <ele>1900.5</ele>
      </trkpt>
      <trkpt lat="46.476144" lon="12.243504">
        <ele>1887</ele>
      </trkpt>
      <trkpt lat="46.476089" lon="12.2437">
        <ele>1887</ele>
      </trkpt>
      <trkpt lat="46.476159" lon="12.243849">
        <ele>1900.25</ele>
      </trkpt>
      <trkpt lat="46.476126" lon="12.244011">
        <ele>1901.5</ele>
      </trkpt>
      <trkpt lat="46.476044" lon="12.244118">
        <ele>1894.25</ele>
      </trkpt>
      <trkpt lat="46.475939" lon="12.244181">
        <ele>1882.25</ele>
      </trkpt>
      <trkpt lat="46.475689" lon="12.244163">
        <ele>1864.25</ele>
      </trkpt>
      <trkpt lat="46.475562" lon="12.244204">
        <ele>1862.25</ele>
      </trkpt>
      <trkpt lat="46.475532" lon="12.244378">
        <ele>1867.5</ele>
      </trkpt>
      <trkpt lat="46.475459" lon="12.244503">
        <ele>1870</ele>
      </trkpt>
      <trkpt lat="46.475114" lon="12.244612">
        <ele>1865.5</ele>
      </trkpt>
      <trkpt lat="46.474952" lon="12.244732">
        <ele>1866.25</ele>
      </trkpt>
      <trkpt lat="46.474795" lon="12.244786">
        <ele>1865.25</ele>
      </trkpt>
      <trkpt lat="46.474737" lon="12.244866">
        <ele>1867.5</ele>
      </trkpt>
      <trkpt lat="46.474737" lon="12.244866">
        <ele>1867.5</ele>
      </trkpt>
      <trkpt lat="46.474538" lon="12.245143">
        <ele>1876</ele>
      </trkpt>
      <trkpt lat="46.474379" lon="12.245178">
        <ele>1874.5</ele>
      </trkpt>
      <trkpt lat="46.473799" lon="12.245478">
        <ele>1878.75</ele>
      </trkpt>
      <trkpt lat="46.473276" lon="12.245851">
        <ele>1889.75</ele>
      </trkpt>
      <trkpt lat="46.472675" lon="12.246469">
        <ele>1906.5</ele>
      </trkpt>
      <trkpt lat="46.47211" lon="12.247501">
        <ele>1938</ele>
      </trkpt>
      <trkpt lat="46.471185" lon="12.248338">
        <ele>1950</ele>
      </trkpt>
      <trkpt lat="46.470927" lon="12.249252">
        <ele>1969</ele>
      </trkpt>
      <trkpt lat="46.471443" lon="12.249197">
        <ele>1978.25</ele>
      </trkpt>
      <trkpt lat="46.471027" lon="12.250189">
        <ele>2005</ele>
      </trkpt>
      <trkpt lat="46.470957" lon="12.250513">
        <ele>2013.5</ele>
      </trkpt>
      <trkpt lat="46.471022" lon="12.250583">
        <ele>2017.75</ele>
      </trkpt>
      <trkpt lat="46.471045" lon="12.250598">
        <ele>2019</ele>
      </trkpt>
      <trkpt lat="46.471078" lon="12.25064">
        <ele>2021.25</ele>
      </trkpt>
      <trkpt lat="46.471198" lon="12.2508">
        <ele>2029.75</ele>
      </trkpt>
      <trkpt lat="46.470781" lon="12.251483">
        <ele>2042.25</ele>
      </trkpt>
      <trkpt lat="46.471453" lon="12.251478">
        <ele>2060.75</ele>
      </trkpt>
      <trkpt lat="46.470973" lon="12.252124">
        <ele>2077</ele>
      </trkpt>
      <trkpt lat="46.470973" lon="12.252124">
        <ele>2077</ele>
      </trkpt>
      <trkpt lat="46.470863" lon="12.252273">
        <ele>2080.75</ele>
      </trkpt>
      <trkpt lat="46.47095" lon="12.25233">
        <ele>2086</ele>
      </trkpt>
      <trkpt lat="46.470863" lon="12.252425">
        <ele>2089.25</ele>
      </trkpt>
      <trkpt lat="46.471026" lon="12.252511">
        <ele>2097.5</ele>
      </trkpt>
      <trkpt lat="46.47115" lon="12.252539">
        <ele>2101.75</ele>
      </trkpt>
      <trkpt lat="46.471307" lon="12.252551">
        <ele>2106</ele>
      </trkpt>
      <trkpt lat="46.470982" lon="12.252781">
        <ele>2110.75</ele>
      </trkpt>
      <trkpt lat="46.470699" lon="12.252996">
        <ele>2117.5</ele>
      </trkpt>
      <trkpt lat="46.470612" lon="12.253151">
        <ele>2123.75</ele>
      </trkpt>
      <trkpt lat="46.470346" lon="12.253393">
        <ele>2129.25</ele>
      </trkpt>
      <trkpt lat="46.470152" lon="12.253347">
        <ele>2124</ele>
      </trkpt>
      <trkpt lat="46.469924" lon="12.253064">
        <ele>2111.25</ele>
      </trkpt>
      <trkpt lat="46.469727" lon="12.253238">
        <ele>2108</ele>
      </trkpt>
      <trkpt lat="46.469628" lon="12.253557">
        <ele>2111</ele>
      </trkpt>
      <trkpt lat="46.46956" lon="12.253917">
        <ele>2115.5</ele>
      </trkpt>
      <trkpt lat="46.469421" lon="12.254721">
        <ele>2117.75</ele>
      </trkpt>
      <trkpt lat="46.469417" lon="12.25483">
        <ele>2118.75</ele>
      </trkpt>
      <trkpt lat="46.469355" lon="12.255">
        <ele>2116</ele>
      </trkpt>
      <trkpt lat="46.469339" lon="12.255374">
        <ele>2121</ele>
      </trkpt>
      <trkpt lat="46.469406" lon="12.25568">
        <ele>2128.25</ele>
      </trkpt>
      <trkpt lat="46.469354" lon="12.255957">
        <ele>2129.25</ele>
      </trkpt>
      <trkpt lat="46.469334" lon="12.256107">
        <ele>2129.75</ele>
      </trkpt>
      <trkpt lat="46.469323" lon="12.256269">
        <ele>2130.5</ele>
      </trkpt>
      <trkpt lat="46.469412" lon="12.256272">
        <ele>2130.75</ele>
      </trkpt>
      <trkpt lat="46.469487" lon="12.256306">
        <ele>2130.75</ele>
      </trkpt>
      <trkpt lat="46.46959" lon="12.256404">
        <ele>2130</ele>
      </trkpt>
      <trkpt lat="46.469681" lon="12.256619">
        <ele>2126.75</ele>
      </trkpt>
      <trkpt lat="46.469773" lon="12.256751">
        <ele>2122.5</ele>
      </trkpt>
      <trkpt lat="46.469828" lon="12.256907">
        <ele>2117.75</ele>
      </trkpt>
      <trkpt lat="46.469944" lon="12.257074">
        <ele>2110.75</ele>
      </trkpt>
      <trkpt lat="46.470101" lon="12.257234">
        <ele>2107.25</ele>
      </trkpt>
      <trkpt lat="46.470197" lon="12.25724">
        <ele>2109.5</ele>
      </trkpt>
      <trkpt lat="46.470222" lon="12.25725">
        <ele>2109.75</ele>
      </trkpt>
      <trkpt lat="46.470347" lon="12.257375">
        <ele>2109.25</ele>
      </trkpt>
      <trkpt lat="46.470476" lon="12.257576">
        <ele>2106.75</ele>
      </trkpt>
      <trkpt lat="46.470585" lon="12.257803">
        <ele>2103</ele>
      </trkpt>
      <trkpt lat="46.470624" lon="12.257916">
        <ele>2100.5</ele>
      </trkpt>
      <trkpt lat="46.470668" lon="12.258002">
        <ele>2099.25</ele>
      </trkpt>
      <trkpt lat="46.470703" lon="12.258183">
        <ele>2094.75</ele>
      </trkpt>
      <trkpt lat="46.470748" lon="12.258288">
        <ele>2092.5</ele>
      </trkpt>
      <trkpt lat="46.470793" lon="12.258454">
        <ele>2089</ele>
      </trkpt>
      <trkpt lat="46.470867" lon="12.258673">
        <ele>2085.25</ele>
      </trkpt>
      <trkpt lat="46.470943" lon="12.258794">
        <ele>2084.75</ele>
      </trkpt>
      <trkpt lat="46.470992" lon="12.258944">
        <ele>2082.75</ele>
      </trkpt>
      <trkpt lat="46.471029" lon="12.259006">
        <ele>2082.5</ele>
      </trkpt>
      <trkpt lat="46.471157" lon="12.25931">
        <ele>2079.25</ele>
      </trkpt>
      <trkpt lat="46.471167" lon="12.259439">
        <ele>2076.5</ele>
      </trkpt>
      <trkpt lat="46.47119" lon="12.259517">
        <ele>2075.25</ele>
      </trkpt>
      <trkpt lat="46.47119" lon="12.259584">
        <ele>2073.5</ele>
      </trkpt>
      <trkpt lat="46.471176" lon="12.259631">
        <ele>2072</ele>
      </trkpt>
      <trkpt lat="46.471186" lon="12.259742">
        <ele>2069.5</ele>
      </trkpt>
      <trkpt lat="46.471184" lon="12.259825">
        <ele>2067.25</ele>
      </trkpt>
      <trkpt lat="46.471211" lon="12.259907">
        <ele>2066.25</ele>
      </trkpt>
      <trkpt lat="46.471205" lon="12.259964">
        <ele>2064.5</ele>
      </trkpt>
      <trkpt lat="46.47123" lon="12.260066">
        <ele>2062.75</ele>
      </trkpt>
      <trkpt lat="46.471235" lon="12.26025">
        <ele>2057.75</ele>
      </trkpt>
      <trkpt lat="46.471224" lon="12.260329">
        <ele>2055.25</ele>
      </trkpt>
      <trkpt lat="46.471226" lon="12.260403">
        <ele>2053</ele>
      </trkpt>
      <trkpt lat="46.471221" lon="12.260419">
        <ele>2052.5</ele>
      </trkpt>
      <trkpt lat="46.471209" lon="12.260429">
        <ele>2052</ele>
      </trkpt>
      <trkpt lat="46.471188" lon="12.260429">
        <ele>2051.25</ele>
      </trkpt>
      <trkpt lat="46.47111" lon="12.260358">
        <ele>2051</ele>
      </trkpt>
      <trkpt lat="46.470874" lon="12.26026">
        <ele>2046.25</ele>
      </trkpt>
      <trkpt lat="46.470844" lon="12.26027">
        <ele>2045</ele>
      </trkpt>
      <trkpt lat="46.470836" lon="12.260288">
        <ele>2044.5</ele>
      </trkpt>
      <trkpt lat="46.470837" lon="12.26032">
        <ele>2043.75</ele>
      </trkpt>
      <trkpt lat="46.470869" lon="12.260504">
        <ele>2041</ele>
      </trkpt>
      <trkpt lat="46.47088" lon="12.260966">
        <ele>2032.25</ele>
      </trkpt>
      <trkpt lat="46.470887" lon="12.260995">
        <ele>2031.75</ele>
      </trkpt>
      <trkpt lat="46.470911" lon="12.261043">
        <ele>2031.25</ele>
      </trkpt>
      <trkpt lat="46.470907" lon="12.261109">
        <ele>2030</ele>
      </trkpt>
      <trkpt lat="46.470934" lon="12.261221">
        <ele>2028</ele>
      </trkpt>
      <trkpt lat="46.470949" lon="12.261353">
        <ele>2025.5</ele>
      </trkpt>
      <trkpt lat="46.470987" lon="12.261484">
        <ele>2023.25</ele>
      </trkpt>
      <trkpt lat="46.470997" lon="12.261565">
        <ele>2021.5</ele>
      </trkpt>
      <trkpt lat="46.47102" lon="12.261633">
        <ele>2020.25</ele>
      </trkpt>
      <trkpt lat="46.471021" lon="12.261657">
        <ele>2019.75</ele>
      </trkpt>
      <trkpt lat="46.47101" lon="12.261678">
        <ele>2019.5</ele>
      </trkpt>
      <trkpt lat="46.47099" lon="12.261694">
        <ele>2019.25</ele>
      </trkpt>
      <trkpt lat="46.470949" lon="12.261699">
        <ele>2019</ele>
      </trkpt>
      <trkpt lat="46.47087" lon="12.261687">
        <ele>2018.75</ele>
      </trkpt>
      <trkpt lat="46.470779" lon="12.261607">
        <ele>2021</ele>
      </trkpt>
      <trkpt lat="46.470754" lon="12.261594">
        <ele>2021.5</ele>
      </trkpt>
      <trkpt lat="46.470721" lon="12.261592">
        <ele>2022.25</ele>
      </trkpt>
      <trkpt lat="46.470678" lon="12.261615">
        <ele>2016.8023598903328</ele>
      </trkpt>
      <trkpt lat="46.470589" lon="12.261586">
        <ele>2024.25</ele>
      </trkpt>
      <trkpt lat="46.470479" lon="12.261595">
        <ele>2026.25</ele>
      </trkpt>
      <trkpt lat="46.470405" lon="12.261697">
        <ele>2026.75</ele>
      </trkpt>
      <trkpt lat="46.47045" lon="12.261864">
        <ele>2024.25</ele>
      </trkpt>
      <trkpt lat="46.470365" lon="12.262078">
        <ele>2023.5</ele>
      </trkpt>
      <trkpt lat="46.470162" lon="12.262141">
        <ele>2026.5</ele>
      </trkpt>
      <trkpt lat="46.470039" lon="12.26247">
        <ele>2024.75</ele>
      </trkpt>
      <trkpt lat="46.469808" lon="12.262743">
        <ele>2026</ele>
      </trkpt>
      <trkpt lat="46.469611" lon="12.262864">
        <ele>2030.25</ele>
      </trkpt>
      <trkpt lat="46.469199" lon="12.262977">
        <ele>2042.25</ele>
      </trkpt>
      <trkpt lat="46.469001" lon="12.262984">
        <ele>2050.75</ele>
      </trkpt>
      <trkpt lat="46.468854" lon="12.262971">
        <ele>2057.75</ele>
      </trkpt>
      <trkpt lat="46.468717" lon="12.262926">
        <ele>2065.5</ele>
      </trkpt>
      <trkpt lat="46.468488" lon="12.262899">
        <ele>2077</ele>
      </trkpt>
      <trkpt lat="46.468371" lon="12.262939">
        <ele>2080.75</ele>
      </trkpt>
      <trkpt lat="46.468331" lon="12.262872">
        <ele>2085.25</ele>
      </trkpt>
      <trkpt lat="46.468262" lon="12.262896">
        <ele>2085.25</ele>
      </trkpt>
      <trkpt lat="46.468203" lon="12.26295">
        <ele>2083.75</ele>
      </trkpt>
      <trkpt lat="46.468164" lon="12.262901">
        <ele>2086.5</ele>
      </trkpt>
      <trkpt lat="46.468031" lon="12.262904">
        <ele>2088</ele>
      </trkpt>
      <trkpt lat="46.467924" lon="12.263011">
        <ele>2084.75</ele>
      </trkpt>
      <trkpt lat="46.467878" lon="12.262856">
        <ele>2092.5</ele>
      </trkpt>
      <trkpt lat="46.467847" lon="12.262893">
        <ele>2091.25</ele>
      </trkpt>
      <trkpt lat="46.467725" lon="12.262719">
        <ele>2101</ele>
      </trkpt>
      <trkpt lat="46.467658" lon="12.262735">
        <ele>2101.25</ele>
      </trkpt>
      <trkpt lat="46.467594" lon="12.262644">
        <ele>2106.5</ele>
      </trkpt>
      <trkpt lat="46.467401" lon="12.262539">
        <ele>2115.25</ele>
      </trkpt>
      <trkpt lat="46.467063" lon="12.262636">
        <ele>2117.5</ele>
      </trkpt>
      <trkpt lat="46.466805" lon="12.262504">
        <ele>2131.25</ele>
      </trkpt>
      <trkpt lat="46.466683" lon="12.262378">
        <ele>2141.75</ele>
      </trkpt>
      <trkpt lat="46.466627" lon="12.262231">
        <ele>2151.75</ele>
      </trkpt>
      <trkpt lat="46.466448" lon="12.262083">
        <ele>2164.75</ele>
      </trkpt>
      <trkpt lat="46.466228" lon="12.261861">
        <ele>2183.25</ele>
      </trkpt>
      <trkpt lat="46.466136" lon="12.261888">
        <ele>2184</ele>
      </trkpt>
      <trkpt lat="46.466044" lon="12.261815">
        <ele>2190.5</ele>
      </trkpt>
      <trkpt lat="46.465981" lon="12.261729">
        <ele>2197.5</ele>
      </trkpt>
      <trkpt lat="46.465885" lon="12.261692">
        <ele>2202</ele>
      </trkpt>
      <trkpt lat="46.465672" lon="12.261708">
        <ele>2206.5</ele>
      </trkpt>
      <trkpt lat="46.465428" lon="12.261879">
        <ele>2199.75</ele>
      </trkpt>
      <trkpt lat="46.465245" lon="12.261948">
        <ele>2197.75</ele>
      </trkpt>
      <trkpt lat="46.4649" lon="12.261847">
        <ele>2214.5</ele>
      </trkpt>
      <trkpt lat="46.464597" lon="12.261971">
        <ele>2215.25</ele>
      </trkpt>
      <trkpt lat="46.464203" lon="12.262008">
        <ele>2227.5</ele>
      </trkpt>
      <trkpt lat="46.464133" lon="12.262015">
        <ele>2229.75</ele>
      </trkpt>
      <trkpt lat="46.463655" lon="12.262035">
        <ele>2248.25</ele>
      </trkpt>
      <trkpt lat="46.463374" lon="12.262116">
        <ele>2254.25</ele>
      </trkpt>
      <trkpt lat="46.463211" lon="12.262223">
        <ele>2255.25</ele>
      </trkpt>
      <trkpt lat="46.46306" lon="12.262303">
        <ele>2258.25</ele>
      </trkpt>
      <trkpt lat="46.462963" lon="12.26266">
        <ele>2250.75</ele>
      </trkpt>
      <trkpt lat="46.46289" lon="12.262888">
        <ele>2253.75</ele>
      </trkpt>
      <trkpt lat="46.462827" lon="12.262883">
        <ele>2257.25</ele>
      </trkpt>
      <trkpt lat="46.46272" lon="12.262818">
        <ele>2264</ele>
      </trkpt>
      <trkpt lat="46.462594" lon="12.262883">
        <ele>2270.5</ele>
      </trkpt>
      <trkpt lat="46.462528" lon="12.263054">
        <ele>2272.5</ele>
      </trkpt>
      <trkpt lat="46.46255" lon="12.263344">
        <ele>2268.5</ele>
      </trkpt>
      <trkpt lat="46.462528" lon="12.263483">
        <ele>2270.25</ele>
      </trkpt>
      <trkpt lat="46.462439" lon="12.263703">
        <ele>2276.5</ele>
      </trkpt>
      <trkpt lat="46.461981" lon="12.264363">
        <ele>2301.75</ele>
      </trkpt>
      <trkpt lat="46.461778" lon="12.264449">
        <ele>2311.5</ele>
      </trkpt>
      <trkpt lat="46.461828" lon="12.264636">
        <ele>2308</ele>
      </trkpt>
      <trkpt lat="46.461837" lon="12.264835">
        <ele>2306.5</ele>
      </trkpt>
      <trkpt lat="46.461715" lon="12.265002">
        <ele>2311.5</ele>
      </trkpt>
      <trkpt lat="46.46173" lon="12.265366">
        <ele>2312.25</ele>
      </trkpt>
      <trkpt lat="46.461689" lon="12.265533">
        <ele>2315.25</ele>
      </trkpt>
      <trkpt lat="46.461541" lon="12.26605">
        <ele>2323.75</ele>
      </trkpt>
      <trkpt lat="46.461423" lon="12.266437">
        <ele>2329.25</ele>
      </trkpt>
      <trkpt lat="46.46146" lon="12.266729">
        <ele>2327.75</ele>
      </trkpt>
      <trkpt lat="46.46129" lon="12.266895">
        <ele>2334.5</ele>
      </trkpt>
      <trkpt lat="46.461218" lon="12.267173">
        <ele>2336.75</ele>
      </trkpt>
      <trkpt lat="46.461057" lon="12.267394">
        <ele>2342</ele>
      </trkpt>
      <trkpt lat="46.46107" lon="12.267649">
        <ele>2344.75</ele>
      </trkpt>
      <trkpt lat="46.461016" lon="12.267796">
        <ele>2350</ele>
      </trkpt>
      <trkpt lat="46.460538" lon="12.268067">
        <ele>2373.25</ele>
      </trkpt>
      <trkpt lat="46.460378" lon="12.268192">
        <ele>2380.5</ele>
      </trkpt>
      <trkpt lat="46.46034" lon="12.268223">
        <ele>2382.25</ele>
      </trkpt>
      <trkpt lat="46.460444" lon="12.268413">
        <ele>2382</ele>
      </trkpt>
      <trkpt lat="46.460597" lon="12.268585">
        <ele>2380.25</ele>
      </trkpt>
      <trkpt lat="46.460604" lon="12.268832">
        <ele>2384</ele>
      </trkpt>
      <trkpt lat="46.460593" lon="12.269095">
        <ele>2388.75</ele>
      </trkpt>
      <trkpt lat="46.460552" lon="12.269382">
        <ele>2389.75</ele>
      </trkpt>
      <trkpt lat="46.460318" lon="12.269813">
        <ele>2397.5</ele>
      </trkpt>
      <trkpt lat="46.460222" lon="12.27013">
        <ele>2399.75</ele>
      </trkpt>
      <trkpt lat="46.460217" lon="12.2703">
        <ele>2397.5</ele>
      </trkpt>
      <trkpt lat="46.460253" lon="12.270416">
        <ele>2394.75</ele>
      </trkpt>
      <trkpt lat="46.460265" lon="12.270534">
        <ele>2393</ele>
      </trkpt>
      <trkpt lat="46.460242" lon="12.27066">
        <ele>2392.25</ele>
      </trkpt>
      <trkpt lat="46.46028" lon="12.270842">
        <ele>2390.25</ele>
      </trkpt>
      <trkpt lat="46.460271" lon="12.270941">
        <ele>2400.25</ele>
      </trkpt>
      <trkpt lat="46.460238" lon="12.271052">
        <ele>2412.25</ele>
      </trkpt>
      <trkpt lat="46.460254" lon="12.271215">
        <ele>2428</ele>
      </trkpt>
      <trkpt lat="46.460249" lon="12.271267">
        <ele>2433.5</ele>
      </trkpt>
      <trkpt lat="46.460107" lon="12.271312">
        <ele>2446.25</ele>
      </trkpt>
      <trkpt lat="46.460066" lon="12.271204">
        <ele>2436</ele>
      </trkpt>
      <trkpt lat="46.46006" lon="12.271151">
        <ele>2430</ele>
      </trkpt>
      <trkpt lat="46.460035" lon="12.271073">
        <ele>2421.5</ele>
      </trkpt>
      <trkpt lat="46.459962" lon="12.271032">
        <ele>2423.5</ele>
      </trkpt>
      <trkpt lat="46.459758" lon="12.270964">
        <ele>2448.5</ele>
      </trkpt>
      <trkpt lat="46.459699" lon="12.271012">
        <ele>2462</ele>
      </trkpt>
      <trkpt lat="46.45964" lon="12.271005">
        <ele>2470.5</ele>
      </trkpt>
      <trkpt lat="46.459606" lon="12.271011">
        <ele>2476.25</ele>
      </trkpt>
      <trkpt lat="46.459583" lon="12.271062">
        <ele>2483.25</ele>
      </trkpt>
      <trkpt lat="46.459586" lon="12.271084">
        <ele>2484.25</ele>
      </trkpt>
      <trkpt lat="46.459528" lon="12.27108">
        <ele>2492.5</ele>
      </trkpt>
      <trkpt lat="46.459457" lon="12.271159">
        <ele>2506.75</ele>
      </trkpt>
      <trkpt lat="46.45941" lon="12.271176">
        <ele>2514</ele>
      </trkpt>
      <trkpt lat="46.459439" lon="12.271186">
        <ele>2510.5</ele>
      </trkpt>
      <trkpt lat="46.459385" lon="12.271227">
        <ele>2519.25</ele>
      </trkpt>
      <trkpt lat="46.459365" lon="12.271222">
        <ele>2521.5</ele>
      </trkpt>
      <trkpt lat="46.459338" lon="12.271251">
        <ele>2526</ele>
      </trkpt>
      <trkpt lat="46.459345" lon="12.271204">
        <ele>2523.5</ele>
      </trkpt>
      <trkpt lat="46.459291" lon="12.271261">
        <ele>2532</ele>
      </trkpt>
      <trkpt lat="46.459283" lon="12.271247">
        <ele>2532.5</ele>
      </trkpt>
      <trkpt lat="46.459272" lon="12.27129">
        <ele>2535</ele>
      </trkpt>
      <trkpt lat="46.459238" lon="12.271283">
        <ele>2538.75</ele>
      </trkpt>
      <trkpt lat="46.459226" lon="12.271267">
        <ele>2540</ele>
      </trkpt>
      <trkpt lat="46.459237" lon="12.271246">
        <ele>2538.25</ele>
      </trkpt>
      <trkpt lat="46.459196" lon="12.271235">
        <ele>2543</ele>
      </trkpt>
      <trkpt lat="46.459168" lon="12.27126">
        <ele>2546.75</ele>
      </trkpt>
      <trkpt lat="46.45913" lon="12.271249">
        <ele>2547.5</ele>
      </trkpt>
      <trkpt lat="46.459145" lon="12.271216">
        <ele>2547</ele>
      </trkpt>
      <trkpt lat="46.459104" lon="12.271245">
        <ele>2548</ele>
      </trkpt>
      <trkpt lat="46.45907" lon="12.271235">
        <ele>2548.5</ele>
      </trkpt>
      <trkpt lat="46.45905" lon="12.271289">
        <ele>2549.25</ele>
      </trkpt>
      <trkpt lat="46.458981" lon="12.27135">
        <ele>2550.75</ele>
      </trkpt>
      <trkpt lat="46.459" lon="12.271378">
        <ele>2550.75</ele>
      </trkpt>
      <trkpt lat="46.458903" lon="12.27143">
        <ele>2552.5</ele>
      </trkpt>
      <trkpt lat="46.458854" lon="12.271426">
        <ele>2553.25</ele>
      </trkpt>
      <trkpt lat="46.458858" lon="12.27136">
        <ele>2552.75</ele>
      </trkpt>
      <trkpt lat="46.458819" lon="12.271327">
        <ele>2553.25</ele>
      </trkpt>
      <trkpt lat="46.458808" lon="12.271359">
        <ele>2553.5</ele>
      </trkpt>
      <trkpt lat="46.458791" lon="12.271528">
        <ele>2554.5</ele>
      </trkpt>
      <trkpt lat="46.458728" lon="12.271578">
        <ele>2555.5</ele>
      </trkpt>
      <trkpt lat="46.45867" lon="12.27161">
        <ele>2556.25</ele>
      </trkpt>
      <trkpt lat="46.458596" lon="12.271579">
        <ele>2557</ele>
      </trkpt>
      <trkpt lat="46.458434" lon="12.271219">
        <ele>2559.75</ele>
      </trkpt>
      <trkpt lat="46.458333" lon="12.27097">
        <ele>2562.5</ele>
      </trkpt>
      <trkpt lat="46.458174" lon="12.270759">
        <ele>2569</ele>
      </trkpt>
      <trkpt lat="46.458153" lon="12.270602">
        <ele>2570</ele>
      </trkpt>
      <trkpt lat="46.458055" lon="12.270539">
        <ele>2574.5</ele>
      </trkpt>
      <trkpt lat="46.458034" lon="12.270572">
        <ele>2575.25</ele>
      </trkpt>
      <trkpt lat="46.458037" lon="12.2706">
        <ele>2575</ele>
      </trkpt>
      <trkpt lat="46.457997" lon="12.270674">
        <ele>2576.5</ele>
      </trkpt>
      <trkpt lat="46.457995" lon="12.27076">
        <ele>2576.25</ele>
      </trkpt>
      <trkpt lat="46.457976" lon="12.27085">
        <ele>2576.5</ele>
      </trkpt>
      <trkpt lat="46.45797" lon="12.270987">
        <ele>2575.25</ele>
      </trkpt>
      <trkpt lat="46.458002" lon="12.271293">
        <ele>2571</ele>
      </trkpt>
      <trkpt lat="46.458006" lon="12.271495">
        <ele>2568.75</ele>
      </trkpt>
      <trkpt lat="46.45806" lon="12.271686">
        <ele>2565.5</ele>
      </trkpt>
      <trkpt lat="46.458111" lon="12.271935">
        <ele>2561.5</ele>
      </trkpt>
      <trkpt lat="46.458251" lon="12.272159">
        <ele>2556.25</ele>
      </trkpt>
      <trkpt lat="46.458341" lon="12.272354">
        <ele>2552.5</ele>
      </trkpt>
      <trkpt lat="46.45833" lon="12.27253">
        <ele>2550.5</ele>
      </trkpt>
      <trkpt lat="46.458291" lon="12.272683">
        <ele>2548.25</ele>
      </trkpt>
      <trkpt lat="46.458272" lon="12.27283">
        <ele>2546</ele>
      </trkpt>
      <trkpt lat="46.458457" lon="12.27339">
        <ele>2539.25</ele>
      </trkpt>
      <trkpt lat="46.458485" lon="12.273539">
        <ele>2537.75</ele>
      </trkpt>
      <trkpt lat="46.458549" lon="12.273678">
        <ele>2538</ele>
      </trkpt>
      <trkpt lat="46.458661" lon="12.27386">
        <ele>2539.25</ele>
      </trkpt>
      <trkpt lat="46.458827" lon="12.274078">
        <ele>2542</ele>
      </trkpt>
      <trkpt lat="46.459151" lon="12.274776">
        <ele>2536.75</ele>
      </trkpt>
      <trkpt lat="46.459264" lon="12.275141">
        <ele>2535.75</ele>
      </trkpt>
      <trkpt lat="46.459259" lon="12.275411">
        <ele>2529.25</ele>
      </trkpt>
      <trkpt lat="46.459272" lon="12.275881">
        <ele>2518.75</ele>
      </trkpt>
      <trkpt lat="46.45943" lon="12.276002">
        <ele>2526.25</ele>
      </trkpt>
      <trkpt lat="46.459494" lon="12.276127">
        <ele>2527.5</ele>
      </trkpt>
      <trkpt lat="46.459523" lon="12.276393">
        <ele>2522.25</ele>
      </trkpt>
      <trkpt lat="46.459468" lon="12.276873">
        <ele>2499.25</ele>
      </trkpt>
      <trkpt lat="46.45948" lon="12.276987">
        <ele>2494.75</ele>
      </trkpt>
      <trkpt lat="46.45955" lon="12.277172">
        <ele>2493</ele>
      </trkpt>
      <trkpt lat="46.459813" lon="12.277746">
        <ele>2496.25</ele>
      </trkpt>
      <trkpt lat="46.459825" lon="12.277798">
        <ele>2495.5</ele>
      </trkpt>
      <trkpt lat="46.459875" lon="12.278003">
        <ele>2493</ele>
      </trkpt>
      <trkpt lat="46.459897" lon="12.278157">
        <ele>2489.25</ele>
      </trkpt>
      <trkpt lat="46.459869" lon="12.278359">
        <ele>2477.5</ele>
      </trkpt>
      <trkpt lat="46.459753" lon="12.278558">
        <ele>2453.5</ele>
      </trkpt>
      <trkpt lat="46.459625" lon="12.278828">
        <ele>2427</ele>
      </trkpt>
      <trkpt lat="46.459561" lon="12.279193">
        <ele>2404</ele>
      </trkpt>
      <trkpt lat="46.459441" lon="12.279586">
        <ele>2377.75</ele>
      </trkpt>
      <trkpt lat="46.459474" lon="12.27968">
        <ele>2375.75</ele>
      </trkpt>
      <trkpt lat="46.459439" lon="12.279895">
        <ele>2364.25</ele>
      </trkpt>
      <trkpt lat="46.459404" lon="12.280175">
        <ele>2351.75</ele>
      </trkpt>
      <trkpt lat="46.45948" lon="12.280153">
        <ele>2356.25</ele>
      </trkpt>
      <trkpt lat="46.45956" lon="12.280196">
        <ele>2358.5</ele>
      </trkpt>
      <trkpt lat="46.459598" lon="12.280287">
        <ele>2356.75</ele>
      </trkpt>
      <trkpt lat="46.459578" lon="12.280353">
        <ele>2353.25</ele>
      </trkpt>
      <trkpt lat="46.459663" lon="12.280447">
        <ele>2352.75</ele>
      </trkpt>
      <trkpt lat="46.459664" lon="12.280521">
        <ele>2349.75</ele>
      </trkpt>
      <trkpt lat="46.45972" lon="12.280633">
        <ele>2347</ele>
      </trkpt>
      <trkpt lat="46.459696" lon="12.280736">
        <ele>2341.75</ele>
      </trkpt>
      <trkpt lat="46.459718" lon="12.280841">
        <ele>2337.75</ele>
      </trkpt>
      <trkpt lat="46.459715" lon="12.280973">
        <ele>2333.25</ele>
      </trkpt>
      <trkpt lat="46.459665" lon="12.281038">
        <ele>2329.5</ele>
      </trkpt>
      <trkpt lat="46.459697" lon="12.281103">
        <ele>2328</ele>
      </trkpt>
      <trkpt lat="46.459649" lon="12.281188">
        <ele>2323.75</ele>
      </trkpt>
      <trkpt lat="46.459642" lon="12.28135">
        <ele>2317.75</ele>
      </trkpt>
      <trkpt lat="46.459715" lon="12.281447">
        <ele>2316.75</ele>
      </trkpt>
      <trkpt lat="46.459945" lon="12.281548">
        <ele>2320.25</ele>
      </trkpt>
      <trkpt lat="46.46006" lon="12.281687">
        <ele>2319.75</ele>
      </trkpt>
      <trkpt lat="46.460103" lon="12.281835">
        <ele>2315.75</ele>
      </trkpt>
      <trkpt lat="46.460196" lon="12.282008">
        <ele>2313</ele>
      </trkpt>
      <trkpt lat="46.460389" lon="12.282188">
        <ele>2315</ele>
      </trkpt>
      <trkpt lat="46.460485" lon="12.282393">
        <ele>2311.75</ele>
      </trkpt>
      <trkpt lat="46.460485" lon="12.282606">
        <ele>2304.5</ele>
      </trkpt>
      <trkpt lat="46.460446" lon="12.283042">
        <ele>2289.5</ele>
      </trkpt>
      <trkpt lat="46.46038" lon="12.283194">
        <ele>2281</ele>
      </trkpt>
      <trkpt lat="46.460285" lon="12.283163">
        <ele>2276.5</ele>
      </trkpt>
      <trkpt lat="46.460251" lon="12.283303">
        <ele>2270</ele>
      </trkpt>
      <trkpt lat="46.460174" lon="12.28333">
        <ele>2264.5</ele>
      </trkpt>
      <trkpt lat="46.460114" lon="12.283523">
        <ele>2256.5</ele>
      </trkpt>
      <trkpt lat="46.460166" lon="12.283605">
        <ele>2257.75</ele>
      </trkpt>
      <trkpt lat="46.460246" lon="12.28386">
        <ele>2256.75</ele>
      </trkpt>
      <trkpt lat="46.460391" lon="12.284013">
        <ele>2262.25</ele>
      </trkpt>
      <trkpt lat="46.460498" lon="12.284089">
        <ele>2267</ele>
      </trkpt>
      <trkpt lat="46.460511" lon="12.284147">
        <ele>2266.5</ele>
      </trkpt>
      <trkpt lat="46.460518" lon="12.284365">
        <ele>2263.75</ele>
      </trkpt>
      <trkpt lat="46.460454" lon="12.284584">
        <ele>2257.25</ele>
      </trkpt>
      <trkpt lat="46.460316" lon="12.284916">
        <ele>2247</ele>
      </trkpt>
      <trkpt lat="46.46017" lon="12.285218">
        <ele>2234.5</ele>
      </trkpt>
      <trkpt lat="46.46008" lon="12.285491">
        <ele>2223.75</ele>
      </trkpt>
      <trkpt lat="46.460058" lon="12.285667">
        <ele>2218.5</ele>
      </trkpt>
      <trkpt lat="46.460067" lon="12.285869">
        <ele>2213.75</ele>
      </trkpt>
      <trkpt lat="46.460094" lon="12.286084">
        <ele>2208.5</ele>
      </trkpt>
      <trkpt lat="46.460103" lon="12.286253">
        <ele>2203.75</ele>
      </trkpt>
      <trkpt lat="46.460089" lon="12.28639">
        <ele>2199.25</ele>
      </trkpt>
      <trkpt lat="46.460143" lon="12.286462">
        <ele>2199</ele>
      </trkpt>
      <trkpt lat="46.460165" lon="12.286657">
        <ele>2194</ele>
      </trkpt>
      <trkpt lat="46.46017" lon="12.286859">
        <ele>2189.25</ele>
      </trkpt>
      <trkpt lat="46.460112" lon="12.287067">
        <ele>2182.5</ele>
      </trkpt>
      <trkpt lat="46.460067" lon="12.287113">
        <ele>2180.25</ele>
      </trkpt>
      <trkpt lat="46.460058" lon="12.287198">
        <ele>2178</ele>
      </trkpt>
      <trkpt lat="46.460004" lon="12.287328">
        <ele>2173.75</ele>
      </trkpt>
      <trkpt lat="46.46004" lon="12.287504">
        <ele>2170.75</ele>
      </trkpt>
      <trkpt lat="46.460085" lon="12.287615">
        <ele>2166.75</ele>
      </trkpt>
      <trkpt lat="46.460116" lon="12.287934">
        <ele>2153.5</ele>
      </trkpt>
      <trkpt lat="46.46008" lon="12.288051">
        <ele>2147.25</ele>
      </trkpt>
      <trkpt lat="46.46013" lon="12.288188">
        <ele>2142.75</ele>
      </trkpt>
      <trkpt lat="46.460125" lon="12.288285">
        <ele>2138.25</ele>
      </trkpt>
      <trkpt lat="46.460188" lon="12.28837">
        <ele>2137.25</ele>
      </trkpt>
      <trkpt lat="46.460215" lon="12.288579">
        <ele>2132.5</ele>
      </trkpt>
      <trkpt lat="46.460215" lon="12.288715">
        <ele>2129</ele>
      </trkpt>
      <trkpt lat="46.460192" lon="12.288852">
        <ele>2124.25</ele>
      </trkpt>
      <trkpt lat="46.460215" lon="12.288956">
        <ele>2122.5</ele>
      </trkpt>
      <trkpt lat="46.460215" lon="12.289113">
        <ele>2118.5</ele>
      </trkpt>
      <trkpt lat="46.460255" lon="12.289223">
        <ele>2118.25</ele>
      </trkpt>
      <trkpt lat="46.460206" lon="12.289523">
        <ele>2112.5</ele>
      </trkpt>
      <trkpt lat="46.460237" lon="12.289614">
        <ele>2113</ele>
      </trkpt>
      <trkpt lat="46.46021" lon="12.28977">
        <ele>2109.75</ele>
      </trkpt>
      <trkpt lat="46.460246" lon="12.289914">
        <ele>2110</ele>
      </trkpt>
      <trkpt lat="46.460327" lon="12.289972">
        <ele>2113.25</ele>
      </trkpt>
      <trkpt lat="46.46039" lon="12.29007">
        <ele>2114.75</ele>
      </trkpt>
      <trkpt lat="46.460403" lon="12.290148">
        <ele>2113.75</ele>
      </trkpt>
      <trkpt lat="46.460345" lon="12.290272">
        <ele>2108.25</ele>
      </trkpt>
      <trkpt lat="46.460291" lon="12.290285">
        <ele>2105.5</ele>
      </trkpt>
      <trkpt lat="46.460273" lon="12.29035">
        <ele>2103.25</ele>
      </trkpt>
      <trkpt lat="46.460183" lon="12.290428">
        <ele>2097</ele>
      </trkpt>
      <trkpt lat="46.460103" lon="12.290533">
        <ele>2090.75</ele>
      </trkpt>
      <trkpt lat="46.45995" lon="12.2908">
        <ele>2077.75</ele>
      </trkpt>
      <trkpt lat="46.459838" lon="12.290832">
        <ele>2073</ele>
      </trkpt>
      <trkpt lat="46.459497" lon="12.29108">
        <ele>2057.5</ele>
      </trkpt>
      <trkpt lat="46.459376" lon="12.291197">
        <ele>2051.5</ele>
      </trkpt>
      <trkpt lat="46.459317" lon="12.291203">
        <ele>2049</ele>
      </trkpt>
      <trkpt lat="46.459304" lon="12.291334">
        <ele>2046.5</ele>
      </trkpt>
      <trkpt lat="46.459255" lon="12.291295">
        <ele>2045.25</ele>
      </trkpt>
      <trkpt lat="46.459178" lon="12.291269">
        <ele>2042.5</ele>
      </trkpt>
      <trkpt lat="46.459151" lon="12.291223">
        <ele>2041.75</ele>
      </trkpt>
      <trkpt lat="46.459097" lon="12.291086">
        <ele>2040.5</ele>
      </trkpt>
      <trkpt lat="46.459044" lon="12.290891">
        <ele>2040.25</ele>
      </trkpt>
      <trkpt lat="46.458967" lon="12.290741">
        <ele>2039</ele>
      </trkpt>
      <trkpt lat="46.458905" lon="12.290585">
        <ele>2039.5</ele>
      </trkpt>
      <trkpt lat="46.458864" lon="12.290441">
        <ele>2040.75</ele>
      </trkpt>
      <trkpt lat="46.45877" lon="12.290266">
        <ele>2038.5</ele>
      </trkpt>
      <trkpt lat="46.458703" lon="12.290064">
        <ele>2038.75</ele>
      </trkpt>
      <trkpt lat="46.45868" lon="12.28994">
        <ele>2040.25</ele>
      </trkpt>
      <trkpt lat="46.458631" lon="12.289875">
        <ele>2038.25</ele>
      </trkpt>
      <trkpt lat="46.458537" lon="12.289718">
        <ele>2036</ele>
      </trkpt>
      <trkpt lat="46.458456" lon="12.289556">
        <ele>2034.75</ele>
      </trkpt>
      <trkpt lat="46.458384" lon="12.28951">
        <ele>2030.75</ele>
      </trkpt>
      <trkpt lat="46.458321" lon="12.28949">
        <ele>2027</ele>
      </trkpt>
      <trkpt lat="46.458267" lon="12.28949">
        <ele>2024.25</ele>
      </trkpt>
      <trkpt lat="46.458191" lon="12.289406">
        <ele>2023</ele>
      </trkpt>
      <trkpt lat="46.458119" lon="12.289399">
        <ele>2019.5</ele>
      </trkpt>
      <trkpt lat="46.45803" lon="12.289451">
        <ele>2012.75</ele>
      </trkpt>
      <trkpt lat="46.457976" lon="12.289556">
        <ele>2005.5</ele>
      </trkpt>
      <trkpt lat="46.457909" lon="12.289621">
        <ele>1998.75</ele>
      </trkpt>
      <trkpt lat="46.457828" lon="12.289634">
        <ele>1993.25</ele>
      </trkpt>
      <trkpt lat="46.457734" lon="12.289757">
        <ele>1981.75</ele>
      </trkpt>
      <trkpt lat="46.45768" lon="12.28977">
        <ele>1977.5</ele>
      </trkpt>
      <trkpt lat="46.457621" lon="12.289816">
        <ele>1971.25</ele>
      </trkpt>
      <trkpt lat="46.457554" lon="12.28981">
        <ele>1967.25</ele>
      </trkpt>
      <trkpt lat="46.457487" lon="12.289823">
        <ele>1963</ele>
      </trkpt>
      <trkpt lat="46.457339" lon="12.289959">
        <ele>1954</ele>
      </trkpt>
      <trkpt lat="46.457298" lon="12.289966">
        <ele>1953.5</ele>
      </trkpt>
      <trkpt lat="46.457173" lon="12.290285">
        <ele>1948</ele>
      </trkpt>
      <trkpt lat="46.457128" lon="12.290487">
        <ele>1945.5</ele>
      </trkpt>
      <trkpt lat="46.457029" lon="12.290546">
        <ele>1943.25</ele>
      </trkpt>
      <trkpt lat="46.456935" lon="12.290721">
        <ele>1939.5</ele>
      </trkpt>
      <trkpt lat="46.456863" lon="12.290839">
        <ele>1936.5</ele>
      </trkpt>
      <trkpt lat="46.456823" lon="12.290939">
        <ele>1934</ele>
      </trkpt>
      <trkpt lat="46.456807" lon="12.290981">
        <ele>1933</ele>
      </trkpt>
      <trkpt lat="46.456757" lon="12.291053">
        <ele>1930.75</ele>
      </trkpt>
      <trkpt lat="46.456675" lon="12.291193">
        <ele>1926.5</ele>
      </trkpt>
      <trkpt lat="46.456579" lon="12.291289">
        <ele>1925.25</ele>
      </trkpt>
      <trkpt lat="46.45645" lon="12.291392">
        <ele>1923.75</ele>
      </trkpt>
      <trkpt lat="46.45636" lon="12.291542">
        <ele>1920.75</ele>
      </trkpt>
      <trkpt lat="46.456266" lon="12.291542">
        <ele>1921</ele>
      </trkpt>
      <trkpt lat="46.456051" lon="12.291575">
        <ele>1920.5</ele>
      </trkpt>
      <trkpt lat="46.455925" lon="12.291549">
        <ele>1921.5</ele>
      </trkpt>
      <trkpt lat="46.45584" lon="12.291666">
        <ele>1918</ele>
      </trkpt>
      <trkpt lat="46.455777" lon="12.291672">
        <ele>1918.75</ele>
      </trkpt>
      <trkpt lat="46.455732" lon="12.291816">
        <ele>1914.5</ele>
      </trkpt>
      <trkpt lat="46.455638" lon="12.291868">
        <ele>1914</ele>
      </trkpt>
      <trkpt lat="46.455539" lon="12.2919">
        <ele>1914</ele>
      </trkpt>
      <trkpt lat="46.45549" lon="12.291972">
        <ele>1911.75</ele>
      </trkpt>
      <trkpt lat="46.455405" lon="12.291979">
        <ele>1912.5</ele>
      </trkpt>
      <trkpt lat="46.455319" lon="12.292083">
        <ele>1909</ele>
      </trkpt>
      <trkpt lat="46.455198" lon="12.292102">
        <ele>1909.25</ele>
      </trkpt>
      <trkpt lat="46.455113" lon="12.292174">
        <ele>1906.75</ele>
      </trkpt>
      <trkpt lat="46.455055" lon="12.292141">
        <ele>1908.75</ele>
      </trkpt>
      <trkpt lat="46.454907" lon="12.292226">
        <ele>1910.25</ele>
      </trkpt>
      <trkpt lat="46.4547" lon="12.29248">
        <ele>1908</ele>
      </trkpt>
      <trkpt lat="46.454664" lon="12.2925">
        <ele>1908.75</ele>
      </trkpt>
      <trkpt lat="46.454601" lon="12.292643">
        <ele>1906</ele>
      </trkpt>
      <trkpt lat="46.45453" lon="12.292662">
        <ele>1908.75</ele>
      </trkpt>
      <trkpt lat="46.454417" lon="12.292799">
        <ele>1908</ele>
      </trkpt>
      <trkpt lat="46.454337" lon="12.292923">
        <ele>1906</ele>
      </trkpt>
      <trkpt lat="46.45426" lon="12.293073">
        <ele>1902.5</ele>
      </trkpt>
      <trkpt lat="46.454135" lon="12.293197">
        <ele>1902.5</ele>
      </trkpt>
      <trkpt lat="46.454067" lon="12.293216">
        <ele>1906.25</ele>
      </trkpt>
      <trkpt lat="46.453973" lon="12.293307">
        <ele>1908.25</ele>
      </trkpt>
      <trkpt lat="46.453825" lon="12.293509">
        <ele>1910.25</ele>
      </trkpt>
      <trkpt lat="46.453515" lon="12.294108">
        <ele>1906.5</ele>
      </trkpt>
      <trkpt lat="46.453228" lon="12.29461">
        <ele>1902.75</ele>
      </trkpt>
      <trkpt lat="46.453029" lon="12.294841">
        <ele>1902.25</ele>
      </trkpt>
      <trkpt lat="46.452631" lon="12.295096">
        <ele>1910.25</ele>
      </trkpt>
      <trkpt lat="46.452216" lon="12.295096">
        <ele>1918.5</ele>
      </trkpt>
      <trkpt lat="46.451812" lon="12.295206">
        <ele>1922</ele>
      </trkpt>
      <trkpt lat="46.451656" lon="12.295191">
        <ele>1923.75</ele>
      </trkpt>
      <trkpt lat="46.451516" lon="12.295141">
        <ele>1924.75</ele>
      </trkpt>
      <trkpt lat="46.451266" lon="12.29514">
        <ele>1926.25</ele>
      </trkpt>
      <trkpt lat="46.451066" lon="12.295116">
        <ele>1927</ele>
      </trkpt>
      <trkpt lat="46.450783" lon="12.295273">
        <ele>1930.75</ele>
      </trkpt>
      <trkpt lat="46.450573" lon="12.295522">
        <ele>1938.25</ele>
      </trkpt>
      <trkpt lat="46.450473" lon="12.29552">
        <ele>1940.5</ele>
      </trkpt>
      <trkpt lat="46.450329" lon="12.295579">
        <ele>1945</ele>
      </trkpt>
      <trkpt lat="46.449968" lon="12.29552">
        <ele>1952</ele>
      </trkpt>
      <trkpt lat="46.449818" lon="12.295518">
        <ele>1956.25</ele>
      </trkpt>
      <trkpt lat="46.449684" lon="12.295499">
        <ele>1959.75</ele>
      </trkpt>
      <trkpt lat="46.449512" lon="12.295333">
        <ele>1960.75</ele>
      </trkpt>
      <trkpt lat="46.449404" lon="12.295263">
        <ele>1962.5</ele>
      </trkpt>
      <trkpt lat="46.449241" lon="12.295397">
        <ele>1970.75</ele>
      </trkpt>
      <trkpt lat="46.449151" lon="12.295412">
        <ele>1973.75</ele>
      </trkpt>
      <trkpt lat="46.449021" lon="12.295409">
        <ele>1977.5</ele>
      </trkpt>
      <trkpt lat="46.44888" lon="12.295372">
        <ele>1981</ele>
      </trkpt>
      <trkpt lat="46.448843" lon="12.295383">
        <ele>1982.25</ele>
      </trkpt>
      <trkpt lat="46.448823" lon="12.295389">
        <ele>1983</ele>
      </trkpt>
      <trkpt lat="46.448799" lon="12.295452">
        <ele>1984.75</ele>
      </trkpt>
      <trkpt lat="46.448791" lon="12.295567">
        <ele>1987</ele>
      </trkpt>
      <trkpt lat="46.44878" lon="12.295909">
        <ele>1993.25</ele>
      </trkpt>
      <trkpt lat="46.448695" lon="12.295946">
        <ele>1996.25</ele>
      </trkpt>
      <trkpt lat="46.448657" lon="12.296019">
        <ele>1998.75</ele>
      </trkpt>
      <trkpt lat="46.448631" lon="12.296266">
        <ele>2004.75</ele>
      </trkpt>
      <trkpt lat="46.448651" lon="12.296506">
        <ele>2009.5</ele>
      </trkpt>
      <trkpt lat="46.448787" lon="12.296681">
        <ele>2009.75</ele>
      </trkpt>
      <trkpt lat="46.448852" lon="12.296805">
        <ele>2011.75</ele>
      </trkpt>
      <trkpt lat="46.448792" lon="12.297125">
        <ele>2022.5</ele>
      </trkpt>
      <trkpt lat="46.448832" lon="12.297256">
        <ele>2025.25</ele>
      </trkpt>
      <trkpt lat="46.448877" lon="12.297452">
        <ele>2030</ele>
      </trkpt>
      <trkpt lat="46.448902" lon="12.297639">
        <ele>2035.5</ele>
      </trkpt>
      <trkpt lat="46.448856" lon="12.297758">
        <ele>2040.5</ele>
      </trkpt>
      <trkpt lat="46.448813" lon="12.297759">
        <ele>2041.75</ele>
      </trkpt>
      <trkpt lat="46.448746" lon="12.29773">
        <ele>2042.5</ele>
      </trkpt>
      <trkpt lat="46.448706" lon="12.297737">
        <ele>2043.75</ele>
      </trkpt>
      <trkpt lat="46.448692" lon="12.297776">
        <ele>2045.5</ele>
      </trkpt>
      <trkpt lat="46.448638" lon="12.297858">
        <ele>2050</ele>
      </trkpt>
      <trkpt lat="46.448577" lon="12.298001">
        <ele>2057.25</ele>
      </trkpt>
      <trkpt lat="46.448555" lon="12.298075">
        <ele>2060.75</ele>
      </trkpt>
      <trkpt lat="46.448516" lon="12.298088">
        <ele>2062.5</ele>
      </trkpt>
      <trkpt lat="46.448479" lon="12.298068">
        <ele>2063</ele>
      </trkpt>
      <trkpt lat="46.448417" lon="12.298061">
        <ele>2064.75</ele>
      </trkpt>
      <trkpt lat="46.448306" lon="12.298044">
        <ele>2067.25</ele>
      </trkpt>
      <trkpt lat="46.447923" lon="12.297808">
        <ele>2069.5</ele>
      </trkpt>
      <trkpt lat="46.447882" lon="12.297765">
        <ele>2069.75</ele>
      </trkpt>
      <trkpt lat="46.44783" lon="12.297759">
        <ele>2071.25</ele>
      </trkpt>
      <trkpt lat="46.447763" lon="12.297735">
        <ele>2073</ele>
      </trkpt>
      <trkpt lat="46.447611" lon="12.297719">
        <ele>2078</ele>
      </trkpt>
      <trkpt lat="46.447518" lon="12.297727">
        <ele>2081.25</ele>
      </trkpt>
      <trkpt lat="46.447409" lon="12.297825">
        <ele>2083</ele>
      </trkpt>
      <trkpt lat="46.447345" lon="12.297972">
        <ele>2082.5</ele>
      </trkpt>
      <trkpt lat="46.447318" lon="12.298143">
        <ele>2081</ele>
      </trkpt>
      <trkpt lat="46.447355" lon="12.298569">
        <ele>2077</ele>
      </trkpt>
      <trkpt lat="46.447564" lon="12.298897">
        <ele>2078.25</ele>
      </trkpt>
      <trkpt lat="46.447614" lon="12.299242">
        <ele>2076.25</ele>
      </trkpt>
      <trkpt lat="46.447625" lon="12.299623">
        <ele>2075.5</ele>
      </trkpt>
      <trkpt lat="46.447549" lon="12.299948">
        <ele>2070.75</ele>
      </trkpt>
      <trkpt lat="46.447475" lon="12.300227">
        <ele>2066.75</ele>
      </trkpt>
      <trkpt lat="46.44745" lon="12.300455">
        <ele>2065.5</ele>
      </trkpt>
      <trkpt lat="46.447512" lon="12.301104">
        <ele>2073.25</ele>
      </trkpt>
      <trkpt lat="46.447487" lon="12.30123">
        <ele>2071.5</ele>
      </trkpt>
      <trkpt lat="46.447446" lon="12.301375">
        <ele>2067.5</ele>
      </trkpt>
      <trkpt lat="46.447439" lon="12.301504">
        <ele>2067.25</ele>
      </trkpt>
      <trkpt lat="46.447457" lon="12.301694">
        <ele>2069.5</ele>
      </trkpt>
      <trkpt lat="46.447463" lon="12.301834">
        <ele>2068</ele>
      </trkpt>
      <trkpt lat="46.447281" lon="12.302279">
        <ele>2041.5</ele>
      </trkpt>
      <trkpt lat="46.447148" lon="12.30259">
        <ele>2023.25</ele>
      </trkpt>
      <trkpt lat="46.447038" lon="12.302965">
        <ele>2006.25</ele>
      </trkpt>
      <trkpt lat="46.447048" lon="12.303056">
        <ele>2005.75</ele>
      </trkpt>
      <trkpt lat="46.447065" lon="12.303193">
        <ele>2005.5</ele>
      </trkpt>
      <trkpt lat="46.447096" lon="12.303312">
        <ele>2007</ele>
      </trkpt>
      <trkpt lat="46.447339" lon="12.30358">
        <ele>2023</ele>
      </trkpt>
      <trkpt lat="46.447464" lon="12.303708">
        <ele>2030.75</ele>
      </trkpt>
      <trkpt lat="46.447559" lon="12.303869">
        <ele>2033.75</ele>
      </trkpt>
      <trkpt lat="46.447732" lon="12.30406">
        <ele>2042.75</ele>
      </trkpt>
      <trkpt lat="46.447923" lon="12.304194">
        <ele>2055.75</ele>
      </trkpt>
      <trkpt lat="46.447921" lon="12.304205">
        <ele>2055.25</ele>
      </trkpt>
      <trkpt lat="46.447834" lon="12.304682">
        <ele>2036.5</ele>
      </trkpt>
      <trkpt lat="46.447814" lon="12.304923">
        <ele>2029.25</ele>
      </trkpt>
      <trkpt lat="46.447902" lon="12.305015">
        <ele>2033.5</ele>
      </trkpt>
      <trkpt lat="46.448233" lon="12.305256">
        <ele>2047</ele>
      </trkpt>
      <trkpt lat="46.448326" lon="12.305393">
        <ele>2046.25</ele>
      </trkpt>
      <trkpt lat="46.448403" lon="12.305535">
        <ele>2043.25</ele>
      </trkpt>
      <trkpt lat="46.448477" lon="12.30575">
        <ele>2034.75</ele>
      </trkpt>
      <trkpt lat="46.448612" lon="12.305927">
        <ele>2032.75</ele>
      </trkpt>
      <trkpt lat="46.448699" lon="12.30613">
        <ele>2028.25</ele>
      </trkpt>
      <trkpt lat="46.449024" lon="12.306503">
        <ele>2027</ele>
      </trkpt>
      <trkpt lat="46.449126" lon="12.306589">
        <ele>2027.75</ele>
      </trkpt>
      <trkpt lat="46.449165" lon="12.306659">
        <ele>2026.25</ele>
      </trkpt>
      <trkpt lat="46.449189" lon="12.306766">
        <ele>2024.5</ele>
      </trkpt>
      <trkpt lat="46.449388" lon="12.306957">
        <ele>2033</ele>
      </trkpt>
      <trkpt lat="46.449413" lon="12.307029">
        <ele>2032.75</ele>
      </trkpt>
      <trkpt lat="46.449434" lon="12.307091">
        <ele>2032.75</ele>
      </trkpt>
      <trkpt lat="46.449514" lon="12.307729">
        <ele>2027.25</ele>
      </trkpt>
      <trkpt lat="46.449575" lon="12.308115">
        <ele>2030.25</ele>
      </trkpt>
      <trkpt lat="46.449545" lon="12.308351">
        <ele>2026.75</ele>
      </trkpt>
      <trkpt lat="46.449445" lon="12.30851">
        <ele>2018</ele>
      </trkpt>
      <trkpt lat="46.449425" lon="12.308611">
        <ele>2016</ele>
      </trkpt>
      <trkpt lat="46.449429" lon="12.308824">
        <ele>2015.5</ele>
      </trkpt>
      <trkpt lat="46.449337" lon="12.309124">
        <ele>2008.5</ele>
      </trkpt>
      <trkpt lat="46.449325" lon="12.309432">
        <ele>2002.25</ele>
      </trkpt>
      <trkpt lat="46.449359" lon="12.30955">
        <ele>2001.75</ele>
      </trkpt>
      <trkpt lat="46.44944" lon="12.309757">
        <ele>2001.25</ele>
      </trkpt>
      <trkpt lat="46.449553" lon="12.309861">
        <ele>2003.75</ele>
      </trkpt>
      <trkpt lat="46.449603" lon="12.309876">
        <ele>2005.5</ele>
      </trkpt>
      <trkpt lat="46.449758" lon="12.309903">
        <ele>2011.25</ele>
      </trkpt>
      <trkpt lat="46.449847" lon="12.309899">
        <ele>2015.25</ele>
      </trkpt>
      <trkpt lat="46.449943" lon="12.309931">
        <ele>2018</ele>
      </trkpt>
      <trkpt lat="46.450038" lon="12.309972">
        <ele>2019.75</ele>
      </trkpt>
      <trkpt lat="46.450143" lon="12.310064">
        <ele>2018.5</ele>
      </trkpt>
      <trkpt lat="46.450357" lon="12.31039">
        <ele>2012.5</ele>
      </trkpt>
      <trkpt lat="46.450519" lon="12.310679">
        <ele>2007</ele>
      </trkpt>
      <trkpt lat="46.450638" lon="12.310851">
        <ele>2004.75</ele>
      </trkpt>
      <trkpt lat="46.450704" lon="12.311066">
        <ele>2000</ele>
      </trkpt>
      <trkpt lat="46.450822" lon="12.311259">
        <ele>1998.25</ele>
      </trkpt>
      <trkpt lat="46.451059" lon="12.31157">
        <ele>1998</ele>
      </trkpt>
      <trkpt lat="46.451133" lon="12.311656">
        <ele>1998.25</ele>
      </trkpt>
      <trkpt lat="46.451066" lon="12.311838">
        <ele>1993</ele>
      </trkpt>
      <trkpt lat="46.450992" lon="12.311945">
        <ele>1988.75</ele>
      </trkpt>
      <trkpt lat="46.450918" lon="12.312224">
        <ele>1981.5</ele>
      </trkpt>
      <trkpt lat="46.45083" lon="12.312417">
        <ele>1975</ele>
      </trkpt>
      <trkpt lat="46.450793" lon="12.312578">
        <ele>1970.5</ele>
      </trkpt>
      <trkpt lat="46.450778" lon="12.312814">
        <ele>1967</ele>
      </trkpt>
      <trkpt lat="46.450904" lon="12.313362">
        <ele>1966.25</ele>
      </trkpt>
      <trkpt lat="46.450985" lon="12.313748">
        <ele>1963.75</ele>
      </trkpt>
      <trkpt lat="46.450994" lon="12.31397">
        <ele>1960.75</ele>
      </trkpt>
      <trkpt lat="46.451066" lon="12.314413">
        <ele>1959.5</ele>
      </trkpt>
      <trkpt lat="46.451051" lon="12.314767">
        <ele>1955</ele>
      </trkpt>
      <trkpt lat="46.451103" lon="12.3151">
        <ele>1956.5</ele>
      </trkpt>
      <trkpt lat="46.451074" lon="12.315325">
        <ele>1955.25</ele>
      </trkpt>
      <trkpt lat="46.451088" lon="12.315658">
        <ele>1957</ele>
      </trkpt>
      <trkpt lat="46.450896" lon="12.31613">
        <ele>1946.5</ele>
      </trkpt>
      <trkpt lat="46.450808" lon="12.31643">
        <ele>1942</ele>
      </trkpt>
      <trkpt lat="46.450743" lon="12.31709">
        <ele>1938</ele>
      </trkpt>
      <trkpt lat="46.450748" lon="12.317503">
        <ele>1937</ele>
      </trkpt>
      <trkpt lat="46.450689" lon="12.317803">
        <ele>1929.5</ele>
      </trkpt>
      <trkpt lat="46.450754" lon="12.318136">
        <ele>1930.25</ele>
      </trkpt>
      <trkpt lat="46.450874" lon="12.318469">
        <ele>1933.75</ele>
      </trkpt>
      <trkpt lat="46.450878" lon="12.318769">
        <ele>1928</ele>
      </trkpt>
      <trkpt lat="46.450833" lon="12.319037">
        <ele>1920.25</ele>
      </trkpt>
      <trkpt lat="46.450757" lon="12.319337">
        <ele>1909.75</ele>
      </trkpt>
      <trkpt lat="46.450621" lon="12.319793">
        <ele>1894.75</ele>
      </trkpt>
      <trkpt lat="46.450563" lon="12.319897">
        <ele>1890.25</ele>
      </trkpt>
      <trkpt lat="46.450528" lon="12.31996">
        <ele>1887.5</ele>
      </trkpt>
      <trkpt lat="46.450528" lon="12.320161">
        <ele>1884</ele>
      </trkpt>
      <trkpt lat="46.450572" lon="12.320337">
        <ele>1882.25</ele>
      </trkpt>
      <trkpt lat="46.450521" lon="12.320529">
        <ele>1876.25</ele>
      </trkpt>
      <trkpt lat="46.450417" lon="12.320877">
        <ele>1867</ele>
      </trkpt>
      <trkpt lat="46.450306" lon="12.320962">
        <ele>1863.75</ele>
      </trkpt>
      <trkpt lat="46.450218" lon="12.321058">
        <ele>1861.5</ele>
      </trkpt>
      <trkpt lat="46.450096" lon="12.32126">
        <ele>1859</ele>
      </trkpt>
      <trkpt lat="46.449859" lon="12.321503">
        <ele>1848.75</ele>
      </trkpt>
      <trkpt lat="46.449726" lon="12.321778">
        <ele>1838.5</ele>
      </trkpt>
      <trkpt lat="46.449717" lon="12.321905">
        <ele>1834.75</ele>
      </trkpt>
      <trkpt lat="46.449761" lon="12.322064">
        <ele>1832.75</ele>
      </trkpt>
      <trkpt lat="46.449609" lon="12.321987">
        <ele>1827.25</ele>
      </trkpt>
      <trkpt lat="46.449521" lon="12.321985">
        <ele>1822.75</ele>
      </trkpt>
      <trkpt lat="46.449393" lon="12.322064">
        <ele>1815.25</ele>
      </trkpt>
      <trkpt lat="46.449375" lon="12.322245">
        <ele>1812.25</ele>
      </trkpt>
      <trkpt lat="46.449273" lon="12.322294">
        <ele>1807.75</ele>
      </trkpt>
      <trkpt lat="46.449223" lon="12.322444">
        <ele>1805</ele>
      </trkpt>
      <trkpt lat="46.449128" lon="12.322526">
        <ele>1800.5</ele>
      </trkpt>
      <trkpt lat="46.449077" lon="12.322636">
        <ele>1796.5</ele>
      </trkpt>
      <trkpt lat="46.449036" lon="12.322846">
        <ele>1791.5</ele>
      </trkpt>
      <trkpt lat="46.448953" lon="12.322927">
        <ele>1788.25</ele>
      </trkpt>
      <trkpt lat="46.448884" lon="12.323012">
        <ele>1785.75</ele>
      </trkpt>
      <trkpt lat="46.448859" lon="12.323121">
        <ele>1784.5</ele>
      </trkpt>
      <trkpt lat="46.448879" lon="12.323231">
        <ele>1784</ele>
      </trkpt>
      <trkpt lat="46.448847" lon="12.323344">
        <ele>1783</ele>
      </trkpt>
      <trkpt lat="46.448743" lon="12.323544">
        <ele>1782.75</ele>
      </trkpt>
      <trkpt lat="46.448266" lon="12.324101">
        <ele>1793</ele>
      </trkpt>
      <trkpt lat="46.448114" lon="12.324299">
        <ele>1794.5</ele>
      </trkpt>
      <trkpt lat="46.448014" lon="12.324494">
        <ele>1794.5</ele>
      </trkpt>
      <trkpt lat="46.447817" lon="12.324821">
        <ele>1795.25</ele>
      </trkpt>
      <trkpt lat="46.44749" lon="12.325088">
        <ele>1795.5</ele>
      </trkpt>
      <trkpt lat="46.447411" lon="12.325245">
        <ele>1792.25</ele>
      </trkpt>
      <trkpt lat="46.447284" lon="12.325498">
        <ele>1787.25</ele>
      </trkpt>
      <trkpt lat="46.446847" lon="12.325662">
        <ele>1790.5</ele>
      </trkpt>
      <trkpt lat="46.446681" lon="12.325807">
        <ele>1790.25</ele>
      </trkpt>
      <trkpt lat="46.446436" lon="12.325883">
        <ele>1790</ele>
      </trkpt>
      <trkpt lat="46.44613" lon="12.326247">
        <ele>1778.25</ele>
      </trkpt>
      <trkpt lat="46.445572" lon="12.326725">
        <ele>1773.5</ele>
      </trkpt>
      <trkpt lat="46.445545" lon="12.326903">
        <ele>1773</ele>
      </trkpt>
      <trkpt lat="46.445535" lon="12.326971">
        <ele>1773</ele>
      </trkpt>
      <trkpt lat="46.445587" lon="12.327155">
        <ele>1770</ele>
      </trkpt>
      <trkpt lat="46.445529" lon="12.327706">
        <ele>1772.25</ele>
      </trkpt>
      <trkpt lat="46.445622" lon="12.32798">
        <ele>1772.5</ele>
      </trkpt>
      <trkpt lat="46.445761" lon="12.328087">
        <ele>1769</ele>
      </trkpt>
      <trkpt lat="46.446046" lon="12.328359">
        <ele>1762.5</ele>
      </trkpt>
      <trkpt lat="46.446321" lon="12.328594">
        <ele>1754.75</ele>
      </trkpt>
      <trkpt lat="46.446547" lon="12.32884">
        <ele>1748.5</ele>
      </trkpt>
      <trkpt lat="46.446646" lon="12.329083">
        <ele>1747</ele>
      </trkpt>
      <trkpt lat="46.446649" lon="12.329302">
        <ele>1745.5</ele>
      </trkpt>
      <trkpt lat="46.446519" lon="12.329583">
        <ele>1746</ele>
      </trkpt>
      <trkpt lat="46.446313" lon="12.329768">
        <ele>1750.5</ele>
      </trkpt>
      <trkpt lat="46.446187" lon="12.330175">
        <ele>1747.75</ele>
      </trkpt>
      <trkpt lat="46.446032" lon="12.330335">
        <ele>1751.25</ele>
      </trkpt>
      <trkpt lat="46.446008" lon="12.330464">
        <ele>1750</ele>
      </trkpt>
      <trkpt lat="46.446228" lon="12.330833">
        <ele>1733</ele>
      </trkpt>
      <trkpt lat="46.44631" lon="12.331289">
        <ele>1726</ele>
      </trkpt>
      <trkpt lat="46.446333" lon="12.331955">
        <ele>1721</ele>
      </trkpt>
      <trkpt lat="46.44633" lon="12.332306">
        <ele>1719.5</ele>
      </trkpt>
      <trkpt lat="46.446473" lon="12.3326">
        <ele>1711</ele>
      </trkpt>
      <trkpt lat="46.446392" lon="12.332881">
        <ele>1712.25</ele>
      </trkpt>
      <trkpt lat="46.446309" lon="12.333169">
        <ele>1713.25</ele>
      </trkpt>
      <trkpt lat="46.446075" lon="12.333833">
        <ele>1713.75</ele>
      </trkpt>
      <trkpt lat="46.445942" lon="12.334435">
        <ele>1709</ele>
      </trkpt>
      <trkpt lat="46.446027" lon="12.334991">
        <ele>1700.25</ele>
      </trkpt>
      <trkpt lat="46.445612" lon="12.335464">
        <ele>1706.5</ele>
      </trkpt>
      <trkpt lat="46.445492" lon="12.335868">
        <ele>1707.5</ele>
      </trkpt>
      <trkpt lat="46.445357" lon="12.336248">
        <ele>1710</ele>
      </trkpt>
      <trkpt lat="46.445257" lon="12.336698">
        <ele>1714</ele>
      </trkpt>
      <trkpt lat="46.445206" lon="12.33705">
        <ele>1716.25</ele>
      </trkpt>
      <trkpt lat="46.44518" lon="12.337314">
        <ele>1718.75</ele>
      </trkpt>
      <trkpt lat="46.445183" lon="12.337492">
        <ele>1721.5</ele>
      </trkpt>
      <trkpt lat="46.44533" lon="12.337922">
        <ele>1729.25</ele>
      </trkpt>
      <trkpt lat="46.445438" lon="12.338174">
        <ele>1735</ele>
      </trkpt>
      <trkpt lat="46.445469" lon="12.338337">
        <ele>1736.5</ele>
      </trkpt>
      <trkpt lat="46.445468" lon="12.338547">
        <ele>1737</ele>
      </trkpt>
      <trkpt lat="46.445494" lon="12.338733">
        <ele>1739.25</ele>
      </trkpt>
      <trkpt lat="46.445563" lon="12.338887">
        <ele>1744.25</ele>
      </trkpt>
      <trkpt lat="46.445594" lon="12.339044">
        <ele>1747</ele>
      </trkpt>
      <trkpt lat="46.44556" lon="12.339444">
        <ele>1747.5</ele>
      </trkpt>
      <trkpt lat="46.445611" lon="12.339797">
        <ele>1754</ele>
      </trkpt>
      <trkpt lat="46.445554" lon="12.340204">
        <ele>1754.5</ele>
      </trkpt>
      <trkpt lat="46.445564" lon="12.34049">
        <ele>1759.25</ele>
      </trkpt>
      <trkpt lat="46.445588" lon="12.340749">
        <ele>1764.5</ele>
      </trkpt>
      <trkpt lat="46.445578" lon="12.341008">
        <ele>1766.75</ele>
      </trkpt>
      <trkpt lat="46.445522" lon="12.341259">
        <ele>1765.5</ele>
      </trkpt>
      <trkpt lat="46.445488" lon="12.341453">
        <ele>1765.25</ele>
      </trkpt>
      <trkpt lat="46.44551" lon="12.341618">
        <ele>1768.5</ele>
      </trkpt>
      <trkpt lat="46.445608" lon="12.341862">
        <ele>1775</ele>
      </trkpt>
      <trkpt lat="46.445719" lon="12.342045">
        <ele>1781.25</ele>
      </trkpt>
      <trkpt lat="46.445789" lon="12.342225">
        <ele>1784.5</ele>
      </trkpt>
      <trkpt lat="46.445774" lon="12.342364">
        <ele>1783.25</ele>
      </trkpt>
      <trkpt lat="46.445737" lon="12.342463">
        <ele>1780.75</ele>
      </trkpt>
      <trkpt lat="46.445739" lon="12.342571">
        <ele>1780.5</ele>
      </trkpt>
      <trkpt lat="46.445868" lon="12.342771">
        <ele>1784.5</ele>
      </trkpt>
      <trkpt lat="46.446088" lon="12.34295">
        <ele>1785.5</ele>
      </trkpt>
      <trkpt lat="46.446119" lon="12.34305">
        <ele>1785.5</ele>
      </trkpt>
      <trkpt lat="46.446026" lon="12.34325">
        <ele>1783.5</ele>
      </trkpt>
      <trkpt lat="46.446138" lon="12.343419">
        <ele>1784.5</ele>
      </trkpt>
      <trkpt lat="46.44631" lon="12.343475">
        <ele>1786.5</ele>
      </trkpt>
      <trkpt lat="46.44646" lon="12.343534">
        <ele>1788.5</ele>
      </trkpt>
      <trkpt lat="46.446569" lon="12.343716">
        <ele>1789.75</ele>
      </trkpt>
      <trkpt lat="46.446613" lon="12.343938">
        <ele>1790.25</ele>
      </trkpt>
      <trkpt lat="46.446657" lon="12.344294">
        <ele>1792</ele>
      </trkpt>
      <trkpt lat="46.446282" lon="12.3446">
        <ele>1789</ele>
      </trkpt>
      <trkpt lat="46.446316" lon="12.344869">
        <ele>1791.25</ele>
      </trkpt>
      <trkpt lat="46.446429" lon="12.345141">
        <ele>1795.25</ele>
      </trkpt>
      <trkpt lat="46.446288" lon="12.345341">
        <ele>1793.25</ele>
      </trkpt>
      <trkpt lat="46.446251" lon="12.345531">
        <ele>1793</ele>
      </trkpt>
      <trkpt lat="46.446522" lon="12.346322">
        <ele>1804</ele>
      </trkpt>
      <trkpt lat="46.446801" lon="12.347309">
        <ele>1815.5</ele>
      </trkpt>
      <trkpt lat="46.446916" lon="12.347656">
        <ele>1817.25</ele>
      </trkpt>
      <trkpt lat="46.446947" lon="12.347925">
        <ele>1815.25</ele>
      </trkpt>
      <trkpt lat="46.446829" lon="12.347859">
        <ele>1813.25</ele>
      </trkpt>
      <trkpt lat="46.446601" lon="12.347853">
        <ele>1806.75</ele>
      </trkpt>
      <trkpt lat="46.446629" lon="12.347956">
        <ele>1806.75</ele>
      </trkpt>
      <trkpt lat="46.446763" lon="12.348006">
        <ele>1810</ele>
      </trkpt>
      <trkpt lat="46.446813" lon="12.348112">
        <ele>1810.25</ele>
      </trkpt>
      <trkpt lat="46.446872" lon="12.348515">
        <ele>1803</ele>
      </trkpt>
      <trkpt lat="46.447029" lon="12.348834">
        <ele>1797</ele>
      </trkpt>
      <trkpt lat="46.447219" lon="12.349165">
        <ele>1792.75</ele>
      </trkpt>
      <trkpt lat="46.447594" lon="12.34955">
        <ele>1790.5</ele>
      </trkpt>
      <trkpt lat="46.44781" lon="12.34985">
        <ele>1783.25</ele>
      </trkpt>
      <trkpt lat="46.447922" lon="12.349903">
        <ele>1783</ele>
      </trkpt>
      <trkpt lat="46.448147" lon="12.349987">
        <ele>1783.5</ele>
      </trkpt>
      <trkpt lat="46.448179" lon="12.350078">
        <ele>1782</ele>
      </trkpt>
      <trkpt lat="46.448069" lon="12.350187">
        <ele>1778</ele>
      </trkpt>
      <trkpt lat="46.447844" lon="12.350293">
        <ele>1771.5</ele>
      </trkpt>
      <trkpt lat="46.447504" lon="12.350209">
        <ele>1768</ele>
      </trkpt>
      <trkpt lat="46.447179" lon="12.350212">
        <ele>1755.25</ele>
      </trkpt>
      <trkpt lat="46.447085" lon="12.350159">
        <ele>1753.25</ele>
      </trkpt>
      <trkpt lat="46.446957" lon="12.349937">
        <ele>1756</ele>
      </trkpt>
      <trkpt lat="46.446719" lon="12.349831">
        <ele>1751</ele>
      </trkpt>
      <trkpt lat="46.446529" lon="12.349622">
        <ele>1752.5</ele>
      </trkpt>
      <trkpt lat="46.446516" lon="12.349703">
        <ele>1749.25</ele>
      </trkpt>
      <trkpt lat="46.446516" lon="12.349703">
        <ele>1749.25</ele>
      </trkpt>
      <trkpt lat="46.446651" lon="12.349993">
        <ele>1742.75</ele>
      </trkpt>
      <trkpt lat="46.446782" lon="12.350147">
        <ele>1741.75</ele>
      </trkpt>
      <trkpt lat="46.446869" lon="12.350584">
        <ele>1729.75</ele>
      </trkpt>
      <trkpt lat="46.447026" lon="12.350887">
        <ele>1727.25</ele>
      </trkpt>
      <trkpt lat="46.447169" lon="12.351028">
        <ele>1731.25</ele>
      </trkpt>
      <trkpt lat="46.447194" lon="12.351196">
        <ele>1729</ele>
      </trkpt>
      <trkpt lat="46.447182" lon="12.351531">
        <ele>1722.25</ele>
      </trkpt>
      <trkpt lat="46.447194" lon="12.351787">
        <ele>1717.5</ele>
      </trkpt>
      <trkpt lat="46.447338" lon="12.352318">
        <ele>1709.75</ele>
      </trkpt>
      <trkpt lat="46.44746" lon="12.35254">
        <ele>1707.5</ele>
      </trkpt>
      <trkpt lat="46.447604" lon="12.352668">
        <ele>1706</ele>
      </trkpt>
      <trkpt lat="46.447616" lon="12.352774">
        <ele>1702.75</ele>
      </trkpt>
      <trkpt lat="46.447382" lon="12.352771">
        <ele>1698.5</ele>
      </trkpt>
      <trkpt lat="46.447269" lon="12.352709">
        <ele>1697</ele>
      </trkpt>
      <trkpt lat="46.447194" lon="12.352509">
        <ele>1700.5</ele>
      </trkpt>
      <trkpt lat="46.447069" lon="12.352362">
        <ele>1700</ele>
      </trkpt>
      <trkpt lat="46.446769" lon="12.352181">
        <ele>1693</ele>
      </trkpt>
      <trkpt lat="46.446285" lon="12.351956">
        <ele>1679.25</ele>
      </trkpt>
      <trkpt lat="46.446297" lon="12.352071">
        <ele>1678</ele>
      </trkpt>
      <trkpt lat="46.446507" lon="12.352346">
        <ele>1681.25</ele>
      </trkpt>
      <trkpt lat="46.446635" lon="12.352824">
        <ele>1675.75</ele>
      </trkpt>
      <trkpt lat="46.446754" lon="12.353087">
        <ele>1672.5</ele>
      </trkpt>
      <trkpt lat="46.446751" lon="12.353168">
        <ele>1670.25</ele>
      </trkpt>
      <trkpt lat="46.446651" lon="12.353146">
        <ele>1665.5</ele>
      </trkpt>
      <trkpt lat="46.446547" lon="12.353124">
        <ele>1665.5</ele>
      </trkpt>
      <trkpt lat="46.446344" lon="12.353031">
        <ele>1661</ele>
      </trkpt>
      <trkpt lat="46.44608" lon="12.352727">
        <ele>1659</ele>
      </trkpt>
      <trkpt lat="46.445939" lon="12.352581">
        <ele>1657</ele>
      </trkpt>
      <trkpt lat="46.445938" lon="12.352659">
        <ele>1655.5</ele>
      </trkpt>
      <trkpt lat="46.445974" lon="12.352883">
        <ele>1652.25</ele>
      </trkpt>
      <trkpt lat="46.445966" lon="12.353053">
        <ele>1648.5</ele>
      </trkpt>
      <trkpt lat="46.446085" lon="12.353303">
        <ele>1647</ele>
      </trkpt>
      <trkpt lat="46.446541" lon="12.354037">
        <ele>1641</ele>
      </trkpt>
      <trkpt lat="46.446682" lon="12.354349">
        <ele>1636</ele>
      </trkpt>
      <trkpt lat="46.446729" lon="12.354412">
        <ele>1635</ele>
      </trkpt>
      <trkpt lat="46.446944" lon="12.354512">
        <ele>1635</ele>
      </trkpt>
      <trkpt lat="46.447197" lon="12.35469">
        <ele>1632.5</ele>
      </trkpt>
      <trkpt lat="46.447254" lon="12.354846">
        <ele>1628.5</ele>
      </trkpt>
      <trkpt lat="46.447444" lon="12.354937">
        <ele>1626.75</ele>
      </trkpt>
      <trkpt lat="46.447922" lon="12.355193">
        <ele>1618.25</ele>
      </trkpt>
      <trkpt lat="46.448269" lon="12.355434">
        <ele>1612.5</ele>
      </trkpt>
      <trkpt lat="46.448469" lon="12.355606">
        <ele>1606.25</ele>
      </trkpt>
      <trkpt lat="46.448485" lon="12.355746">
        <ele>1602.25</ele>
      </trkpt>
      <trkpt lat="46.448407" lon="12.355715">
        <ele>1604.25</ele>
      </trkpt>
      <trkpt lat="46.44821" lon="12.355612">
        <ele>1606.75</ele>
      </trkpt>
      <trkpt lat="46.448019" lon="12.355584">
        <ele>1605.5</ele>
      </trkpt>
      <trkpt lat="46.447897" lon="12.355681">
        <ele>1601</ele>
      </trkpt>
      <trkpt lat="46.447876" lon="12.355852">
        <ele>1594.75</ele>
      </trkpt>
      <trkpt lat="46.44796" lon="12.356146">
        <ele>1587.5</ele>
      </trkpt>
      <trkpt lat="46.448044" lon="12.356412">
        <ele>1581.5</ele>
      </trkpt>
      <trkpt lat="46.44815" lon="12.356612">
        <ele>1577.75</ele>
      </trkpt>
      <trkpt lat="46.448294" lon="12.35673">
        <ele>1577.5</ele>
      </trkpt>
      <trkpt lat="46.4483" lon="12.356849">
        <ele>1574.5</ele>
      </trkpt>
      <trkpt lat="46.448175" lon="12.356818">
        <ele>1573</ele>
      </trkpt>
      <trkpt lat="46.447994" lon="12.356687">
        <ele>1572.75</ele>
      </trkpt>
      <trkpt lat="46.447804" lon="12.356499">
        <ele>1574.75</ele>
      </trkpt>
      <trkpt lat="46.447419" lon="12.356455">
        <ele>1569.5</ele>
      </trkpt>
      <trkpt lat="46.447122" lon="12.356512">
        <ele>1563.25</ele>
      </trkpt>
      <trkpt lat="46.446701" lon="12.356555">
        <ele>1555.5</ele>
      </trkpt>
      <trkpt lat="46.446308" lon="12.356671">
        <ele>1543.75</ele>
      </trkpt>
      <trkpt lat="46.446165" lon="12.356665">
        <ele>1541.5</ele>
      </trkpt>
      <trkpt lat="46.446072" lon="12.35659">
        <ele>1543.75</ele>
      </trkpt>
      <trkpt lat="46.446054" lon="12.356645">
        <ele>1540.75</ele>
      </trkpt>
      <trkpt lat="46.446385" lon="12.357057">
        <ele>1530.25</ele>
      </trkpt>
      <trkpt lat="46.446485" lon="12.357117">
        <ele>1530.5</ele>
      </trkpt>
      <trkpt lat="46.44651" lon="12.357199">
        <ele>1528.25</ele>
      </trkpt>
      <trkpt lat="46.446372" lon="12.357171">
        <ele>1525.5</ele>
      </trkpt>
      <trkpt lat="46.446172" lon="12.357102">
        <ele>1523</ele>
      </trkpt>
      <trkpt lat="46.446004" lon="12.356984">
        <ele>1524.25</ele>
      </trkpt>
      <trkpt lat="46.445713" lon="12.356837">
        <ele>1524</ele>
      </trkpt>
      <trkpt lat="46.445548" lon="12.356718">
        <ele>1525.25</ele>
      </trkpt>
      <trkpt lat="46.445238" lon="12.356671">
        <ele>1518.5</ele>
      </trkpt>
      <trkpt lat="46.444773" lon="12.356299">
        <ele>1519.25</ele>
      </trkpt>
      <trkpt lat="46.444566" lon="12.356221">
        <ele>1516.25</ele>
      </trkpt>
      <trkpt lat="46.44441" lon="12.356287">
        <ele>1509.25</ele>
      </trkpt>
      <trkpt lat="46.443882" lon="12.356293">
        <ele>1493.25</ele>
      </trkpt>
      <trkpt lat="46.44366" lon="12.356181">
        <ele>1491.25</ele>
      </trkpt>
      <trkpt lat="46.443504" lon="12.355952">
        <ele>1497.25</ele>
      </trkpt>
      <trkpt lat="46.443104" lon="12.35579">
        <ele>1496.75</ele>
      </trkpt>
      <trkpt lat="46.442935" lon="12.355827">
        <ele>1492.75</ele>
      </trkpt>
      <trkpt lat="46.442704" lon="12.355924">
        <ele>1483.75</ele>
      </trkpt>
      <trkpt lat="46.44266" lon="12.356009">
        <ele>1478.25</ele>
      </trkpt>
      <trkpt lat="46.442851" lon="12.356031">
        <ele>1480.5</ele>
      </trkpt>
      <trkpt lat="46.443026" lon="12.356031">
        <ele>1483.5</ele>
      </trkpt>
      <trkpt lat="46.443166" lon="12.356196">
        <ele>1477.75</ele>
      </trkpt>
      <trkpt lat="46.443285" lon="12.356487">
        <ele>1465.5</ele>
      </trkpt>
      <trkpt lat="46.44341" lon="12.356674">
        <ele>1460.25</ele>
      </trkpt>
      <trkpt lat="46.443551" lon="12.356768">
        <ele>1460.5</ele>
      </trkpt>
      <trkpt lat="46.443701" lon="12.356984">
        <ele>1455</ele>
      </trkpt>
      <trkpt lat="46.443988" lon="12.357268">
        <ele>1451.75</ele>
      </trkpt>
      <trkpt lat="46.444157" lon="12.357459">
        <ele>1449.5</ele>
      </trkpt>
      <trkpt lat="46.444278" lon="12.357501">
        <ele>1450.75</ele>
      </trkpt>
      <trkpt lat="46.444276" lon="12.357501">
        <ele>1450.75</ele>
      </trkpt>
      <trkpt lat="46.444429" lon="12.357555">
        <ele>1452.5</ele>
      </trkpt>
      <trkpt lat="46.44476" lon="12.357768">
        <ele>1449.75</ele>
      </trkpt>
      <trkpt lat="46.444873" lon="12.357852">
        <ele>1447.75</ele>
      </trkpt>
      <trkpt lat="46.445138" lon="12.357899">
        <ele>1452</ele>
      </trkpt>
      <trkpt lat="46.445388" lon="12.358108">
        <ele>1447.75</ele>
      </trkpt>
      <trkpt lat="46.445538" lon="12.358321">
        <ele>1440.25</ele>
      </trkpt>
      <trkpt lat="46.44576" lon="12.358612">
        <ele>1433.5</ele>
      </trkpt>
      <trkpt lat="46.445919" lon="12.358943">
        <ele>1425.5</ele>
      </trkpt>
      <trkpt lat="46.445988" lon="12.35933">
        <ele>1416.5</ele>
      </trkpt>
      <trkpt lat="46.446013" lon="12.359705">
        <ele>1411</ele>
      </trkpt>
      <trkpt lat="46.445894" lon="12.359968">
        <ele>1401.75</ele>
      </trkpt>
      <trkpt lat="46.445641" lon="12.360143">
        <ele>1388.5</ele>
      </trkpt>
      <trkpt lat="46.445585" lon="12.360293">
        <ele>1383.25</ele>
      </trkpt>
      <trkpt lat="46.445651" lon="12.36059">
        <ele>1381.75</ele>
      </trkpt>
      <trkpt lat="46.445751" lon="12.360768">
        <ele>1385.25</ele>
      </trkpt>
      <trkpt lat="46.445973" lon="12.361055">
        <ele>1383</ele>
      </trkpt>
      <trkpt lat="46.446244" lon="12.361199">
        <ele>1382.5</ele>
      </trkpt>
      <trkpt lat="46.446338" lon="12.361352">
        <ele>1378.5</ele>
      </trkpt>
      <trkpt lat="46.446522" lon="12.36144">
        <ele>1379.25</ele>
      </trkpt>
      <trkpt lat="46.446854" lon="12.361493">
        <ele>1381.25</ele>
      </trkpt>
      <trkpt lat="46.447022" lon="12.36153">
        <ele>1380.75</ele>
      </trkpt>
      <trkpt lat="46.447194" lon="12.361608">
        <ele>1379</ele>
      </trkpt>
      <trkpt lat="46.447319" lon="12.361799">
        <ele>1375.25</ele>
      </trkpt>
      <trkpt lat="46.447607" lon="12.362124">
        <ele>1370.75</ele>
      </trkpt>
      <trkpt lat="46.447791" lon="12.362355">
        <ele>1366.5</ele>
      </trkpt>
      <trkpt lat="46.447794" lon="12.362502">
        <ele>1364.25</ele>
      </trkpt>
      <trkpt lat="46.447701" lon="12.362664">
        <ele>1361</ele>
      </trkpt>
      <trkpt lat="46.447623" lon="12.362763">
        <ele>1359</ele>
      </trkpt>
      <trkpt lat="46.447645" lon="12.363004">
        <ele>1353.75</ele>
      </trkpt>
      <trkpt lat="46.447741" lon="12.363197">
        <ele>1349.5</ele>
      </trkpt>
      <trkpt lat="46.447704" lon="12.363305">
        <ele>1347.25</ele>
      </trkpt>
      <trkpt lat="46.447549" lon="12.363219">
        <ele>1349.25</ele>
      </trkpt>
      <trkpt lat="46.447383" lon="12.362974">
        <ele>1351.25</ele>
      </trkpt>
      <trkpt lat="46.447235" lon="12.362827">
        <ele>1351</ele>
      </trkpt>
      <trkpt lat="46.44706" lon="12.362699">
        <ele>1350</ele>
      </trkpt>
      <trkpt lat="46.446829" lon="12.362355">
        <ele>1355.25</ele>
      </trkpt>
      <trkpt lat="46.446616" lon="12.362368">
        <ele>1350.25</ele>
      </trkpt>
      <trkpt lat="46.446397" lon="12.362299">
        <ele>1345</ele>
      </trkpt>
      <trkpt lat="46.446154" lon="12.362174">
        <ele>1341.5</ele>
      </trkpt>
      <trkpt lat="46.445944" lon="12.361918">
        <ele>1345.25</ele>
      </trkpt>
      <trkpt lat="46.445776" lon="12.361846">
        <ele>1342</ele>
      </trkpt>
      <trkpt lat="46.445585" lon="12.361911">
        <ele>1328.75</ele>
      </trkpt>
      <trkpt lat="46.44546" lon="12.361768">
        <ele>1328</ele>
      </trkpt>
      <trkpt lat="46.445207" lon="12.361552">
        <ele>1322.5</ele>
      </trkpt>
      <trkpt lat="46.444954" lon="12.361383">
        <ele>1313.25</ele>
      </trkpt>
      <trkpt lat="46.444879" lon="12.361293">
        <ele>1311.25</ele>
      </trkpt>
      <trkpt lat="46.444882" lon="12.360983">
        <ele>1322.5</ele>
      </trkpt>
      <trkpt lat="46.444869" lon="12.360477">
        <ele>1340</ele>
      </trkpt>
      <trkpt lat="46.444788" lon="12.360224">
        <ele>1345.25</ele>
      </trkpt>
      <trkpt lat="46.444673" lon="12.360205">
        <ele>1340</ele>
      </trkpt>
      <trkpt lat="46.444501" lon="12.360252">
        <ele>1329.25</ele>
      </trkpt>
      <trkpt lat="46.444341" lon="12.360358">
        <ele>1316.5</ele>
      </trkpt>
      <trkpt lat="46.444145" lon="12.360343">
        <ele>1307</ele>
      </trkpt>
      <trkpt lat="46.44397" lon="12.360246">
        <ele>1304.5</ele>
      </trkpt>
      <trkpt lat="46.443904" lon="12.360127">
        <ele>1307.5</ele>
      </trkpt>
      <trkpt lat="46.443635" lon="12.360108">
        <ele>1297.75</ele>
      </trkpt>
      <trkpt lat="46.443441" lon="12.360024">
        <ele>1294</ele>
      </trkpt>
      <trkpt lat="46.443207" lon="12.360027">
        <ele>1286.5</ele>
      </trkpt>
      <trkpt lat="46.443035" lon="12.360143">
        <ele>1277</ele>
      </trkpt>
      <trkpt lat="46.442816" lon="12.360315">
        <ele>1264.25</ele>
      </trkpt>
      <trkpt lat="46.442298" lon="12.360015">
        <ele>1265.5</ele>
      </trkpt>
      <trkpt lat="46.442026" lon="12.35993">
        <ele>1265</ele>
      </trkpt>
      <trkpt lat="46.441738" lon="12.360005">
        <ele>1256</ele>
      </trkpt>
      <trkpt lat="46.44152" lon="12.360021">
        <ele>1252.75</ele>
      </trkpt>
      <trkpt lat="46.44122" lon="12.359996">
        <ele>1251.25</ele>
      </trkpt>
      <trkpt lat="46.440735" lon="12.36003">
        <ele>1246.75</ele>
      </trkpt>
      <trkpt lat="46.440476" lon="12.360283">
        <ele>1236.75</ele>
      </trkpt>
      <trkpt lat="46.440129" lon="12.360524">
        <ele>1228.25</ele>
      </trkpt>
      <trkpt lat="46.439801" lon="12.360708">
        <ele>1219</ele>
      </trkpt>
      <trkpt lat="46.4393" lon="12.360797">
        <ele>1209.5</ele>
      </trkpt>
      <trkpt lat="46.439025" lon="12.360799">
        <ele>1205.75</ele>
      </trkpt>
      <trkpt lat="46.43886" lon="12.361046">
        <ele>1196</ele>
      </trkpt>
      <trkpt lat="46.438867" lon="12.36132">
        <ele>1188</ele>
      </trkpt>
      <trkpt lat="46.438962" lon="12.36159">
        <ele>1183</ele>
      </trkpt>
      <trkpt lat="46.439239" lon="12.361696">
        <ele>1186.25</ele>
      </trkpt>
      <trkpt lat="46.439517" lon="12.361768">
        <ele>1183</ele>
      </trkpt>
      <trkpt lat="46.439746" lon="12.361937">
        <ele>1175.75</ele>
      </trkpt>
      <trkpt lat="46.440352" lon="12.36221">
        <ele>1161.25</ele>
      </trkpt>
      <trkpt lat="46.440644" lon="12.362291">
        <ele>1154.5</ele>
      </trkpt>
      <trkpt lat="46.440862" lon="12.36243">
        <ele>1146.5</ele>
      </trkpt>
      <trkpt lat="46.44094" lon="12.36265">
        <ele>1140</ele>
      </trkpt>
      <trkpt lat="46.440995" lon="12.362871">
        <ele>1134.75</ele>
      </trkpt>
      <trkpt lat="46.44085" lon="12.36287">
        <ele>1131.75</ele>
      </trkpt>
      <trkpt lat="46.440723" lon="12.362879">
        <ele>1131.25</ele>
      </trkpt>
      <trkpt lat="46.440471" lon="12.362933">
        <ele>1129.5</ele>
      </trkpt>
      <trkpt lat="46.440202" lon="12.363034">
        <ele>1124.5</ele>
      </trkpt>
      <trkpt lat="46.439928" lon="12.363243">
        <ele>1111.75</ele>
      </trkpt>
      <trkpt lat="46.439651" lon="12.363305">
        <ele>1104.5</ele>
      </trkpt>
      <trkpt lat="46.439243" lon="12.363355">
        <ele>1096.5</ele>
      </trkpt>
      <trkpt lat="46.43904" lon="12.363313">
        <ele>1094.75</ele>
      </trkpt>
      <trkpt lat="46.438845" lon="12.363326">
        <ele>1090.5</ele>
      </trkpt>
      <trkpt lat="46.438699" lon="12.363366">
        <ele>1086.75</ele>
      </trkpt>
      <trkpt lat="46.438575" lon="12.363371">
        <ele>1084.5</ele>
      </trkpt>
      <trkpt lat="46.438406" lon="12.363446">
        <ele>1079.75</ele>
      </trkpt>
      <trkpt lat="46.438194" lon="12.363445">
        <ele>1076</ele>
      </trkpt>
      <trkpt lat="46.438007" lon="12.363493">
        <ele>1072</ele>
      </trkpt>
      <trkpt lat="46.437864" lon="12.363611">
        <ele>1067.75</ele>
      </trkpt>
      <trkpt lat="46.437789" lon="12.363717">
        <ele>1065</ele>
      </trkpt>
      <trkpt lat="46.437719" lon="12.363776">
        <ele>1063.25</ele>
      </trkpt>
      <trkpt lat="46.437541" lon="12.363935">
        <ele>1059</ele>
      </trkpt>
      <trkpt lat="46.437487" lon="12.363998">
        <ele>1057.5</ele>
      </trkpt>
      <trkpt lat="46.437404" lon="12.364055">
        <ele>1056</ele>
      </trkpt>
      <trkpt lat="46.437263" lon="12.364079">
        <ele>1054.25</ele>
      </trkpt>
      <trkpt lat="46.436986" lon="12.364071">
        <ele>1051.25</ele>
      </trkpt>
      <trkpt lat="46.436872" lon="12.363989">
        <ele>1050.5</ele>
      </trkpt>
      <trkpt lat="46.436736" lon="12.363876">
        <ele>1049.75</ele>
      </trkpt>
      <trkpt lat="46.436548" lon="12.363845">
        <ele>1048</ele>
      </trkpt>
      <trkpt lat="46.436526" lon="12.363803">
        <ele>1048</ele>
      </trkpt>
      <trkpt lat="46.436497" lon="12.363716">
        <ele>1048.25</ele>
      </trkpt>
      <trkpt lat="46.436338" lon="12.363741">
        <ele>1046.5</ele>
      </trkpt>
      <trkpt lat="46.436213" lon="12.363783">
        <ele>1044.75</ele>
      </trkpt>
      <trkpt lat="46.436151" lon="12.363793">
        <ele>1044</ele>
      </trkpt>
      <trkpt lat="46.436081" lon="12.363807">
        <ele>1043</ele>
      </trkpt>
      <trkpt lat="46.436034" lon="12.363876">
        <ele>1042</ele>
      </trkpt>
      <trkpt lat="46.436023" lon="12.363973">
        <ele>1041</ele>
      </trkpt>
      <trkpt lat="46.436035" lon="12.364037">
        <ele>1040.5</ele>
      </trkpt>
      <trkpt lat="46.436009" lon="12.364211">
        <ele>1038.5</ele>
      </trkpt>
      <trkpt lat="46.435934" lon="12.364711">
        <ele>1033.5</ele>
      </trkpt>
      <trkpt lat="46.43589" lon="12.365003">
        <ele>1030.5</ele>
      </trkpt>
      <trkpt lat="46.435817" lon="12.365055">
        <ele>1029.5</ele>
      </trkpt>
      <trkpt lat="46.435786" lon="12.365096">
        <ele>1029</ele>
      </trkpt>
      <trkpt lat="46.435775" lon="12.365118">
        <ele>1028.75</ele>
      </trkpt>
      <trkpt lat="46.435775" lon="12.365118">
        <ele>1028.75</ele>
      </trkpt>
      <trkpt lat="46.435758" lon="12.365155">
        <ele>1028.75</ele>
      </trkpt>
      <trkpt lat="46.435666" lon="12.365404">
        <ele>1027</ele>
      </trkpt>
      <trkpt lat="46.435568" lon="12.365668">
        <ele>1025.5</ele>
      </trkpt>
      <trkpt lat="46.435542" lon="12.366133">
        <ele>1021.5</ele>
      </trkpt>
      <trkpt lat="46.435508" lon="12.366745">
        <ele>1014.25</ele>
      </trkpt>
      <trkpt lat="46.435431" lon="12.366958">
        <ele>1011</ele>
      </trkpt>
      <trkpt lat="46.435086" lon="12.367226">
        <ele>1006.75</ele>
      </trkpt>
      <trkpt lat="46.434761" lon="12.367661">
        <ele>1000.5</ele>
      </trkpt>
      <trkpt lat="46.434439" lon="12.367791">
        <ele>998.25</ele>
      </trkpt>
      <trkpt lat="46.434019" lon="12.367929">
        <ele>993.5</ele>
      </trkpt>
      <trkpt lat="46.433934" lon="12.367927">
        <ele>993</ele>
      </trkpt>
      <trkpt lat="46.433869" lon="12.367906">
        <ele>993</ele>
      </trkpt>
      <trkpt lat="46.433824" lon="12.367867">
        <ele>993.5</ele>
      </trkpt>
      <trkpt lat="46.433789" lon="12.367809">
        <ele>994.25</ele>
      </trkpt>
      <trkpt lat="46.433732" lon="12.367635">
        <ele>997</ele>
      </trkpt>
      <trkpt lat="46.433689" lon="12.367247">
        <ele>1002.5</ele>
      </trkpt>
      <trkpt lat="46.433665" lon="12.367216">
        <ele>1002.5</ele>
      </trkpt>
      <trkpt lat="46.433634" lon="12.367205">
        <ele>1002.25</ele>
      </trkpt>
      <trkpt lat="46.433634" lon="12.367205">
        <ele>1002.25</ele>
      </trkpt>
      <trkpt lat="46.433605" lon="12.367213">
        <ele>1002</ele>
      </trkpt>
      <trkpt lat="46.433582" lon="12.367248">
        <ele>1001.25</ele>
      </trkpt>
      <trkpt lat="46.433572" lon="12.367302">
        <ele>1000.25</ele>
      </trkpt>
      <trkpt lat="46.43361" lon="12.367995">
        <ele>989.5</ele>
      </trkpt>
      <trkpt lat="46.433634" lon="12.368298">
        <ele>984.5</ele>
      </trkpt>
      <trkpt lat="46.433653" lon="12.368426">
        <ele>982.5</ele>
      </trkpt>
      <trkpt lat="46.433687" lon="12.368548">
        <ele>980.5</ele>
      </trkpt>
      <trkpt lat="46.4338" lon="12.368862">
        <ele>976.25</ele>
      </trkpt>
      <trkpt lat="46.43382" lon="12.368963">
        <ele>974.75</ele>
      </trkpt>
      <trkpt lat="46.433825" lon="12.369065">
        <ele>973.25</ele>
      </trkpt>
      <trkpt lat="46.433811" lon="12.369169">
        <ele>971.75</ele>
      </trkpt>
      <trkpt lat="46.433781" lon="12.369255">
        <ele>971.25</ele>
      </trkpt>
      <trkpt lat="46.43318" lon="12.37042">
        <ele>962.75</ele>
      </trkpt>
      <trkpt lat="46.432806" lon="12.371459">
        <ele>952.75</ele>
      </trkpt>
      <trkpt lat="46.432779" lon="12.371515">
        <ele>948</ele>
      </trkpt>
      <trkpt lat="46.432596" lon="12.37191">
        <ele>948</ele>
      </trkpt>
      <trkpt lat="46.432409" lon="12.372074">
        <ele>946</ele>
      </trkpt>
      <trkpt lat="46.432047" lon="12.37228">
        <ele>941.25</ele>
      </trkpt>
      <trkpt lat="46.431532" lon="12.372833">
        <ele>928.25</ele>
      </trkpt>
      <trkpt lat="46.431473" lon="12.372982">
        <ele>925.75</ele>
      </trkpt>
      <trkpt lat="46.431395" lon="12.373286">
        <ele>920</ele>
      </trkpt>
      <trkpt lat="46.431308" lon="12.373575">
        <ele>916.25</ele>
      </trkpt>
      <trkpt lat="46.431171" lon="12.373761">
        <ele>913.25</ele>
      </trkpt>
      <trkpt lat="46.43094" lon="12.373923">
        <ele>910</ele>
      </trkpt>
      <trkpt lat="46.4309" lon="12.373951">
        <ele>909.5</ele>
      </trkpt>
      <trkpt lat="46.430643" lon="12.374131">
        <ele>906.25</ele>
      </trkpt>
      <trkpt lat="46.43058" lon="12.374188">
        <ele>905.25</ele>
      </trkpt>
      <trkpt lat="46.430426" lon="12.374191">
        <ele>904</ele>
      </trkpt>
      <trkpt lat="46.430337" lon="12.374146">
        <ele>903.25</ele>
      </trkpt>
      <trkpt lat="46.430271" lon="12.374205">
        <ele>902.25</ele>
      </trkpt>
      <trkpt lat="46.429862" lon="12.374598">
        <ele>896</ele>
      </trkpt>
      <trkpt lat="46.429583" lon="12.374875">
        <ele>892.75</ele>
      </trkpt>
      <trkpt lat="46.429416" lon="12.375107">
        <ele>891</ele>
      </trkpt>
      <trkpt lat="46.429357" lon="12.375151">
        <ele>890.25</ele>
      </trkpt>
      <trkpt lat="46.429257" lon="12.375227">
        <ele>889.25</ele>
      </trkpt>
      <trkpt lat="46.429204" lon="12.375267">
        <ele>888.5</ele>
      </trkpt>
      <trkpt lat="46.429078" lon="12.374955">
        <ele>888.5</ele>
      </trkpt>
      <trkpt lat="46.429012" lon="12.374985">
        <ele>887.75</ele>
      </trkpt>
      <trkpt lat="46.429002" lon="12.374998">
        <ele>887.75</ele>
      </trkpt>
      <trkpt lat="46.428951" lon="12.37508">
        <ele>886.75</ele>
      </trkpt>
      <trkpt lat="46.428818" lon="12.375144">
        <ele>884.5</ele>
      </trkpt>
    </trkseg>
  </trk>
</gpx>
